use oficina;

-- Carga para a tabela de Pecas
INSERT INTO `pecas` (`id_peca`, `nome_peca`, `tipo_peca`, `serie_peca`, `fabricante`, `preco_peca`, `qtd_peca`) VALUES (1, 'Alternador', 'carro', '23TEN1OR9183', 'Tenneco Inc.', 1609.00, 8);
INSERT INTO `pecas` (`id_peca`, `nome_peca`, `tipo_peca`, `serie_peca`, `fabricante`, `preco_peca`, `qtd_peca`) VALUES (2, 'Amortecedores', 'carro', '23ZF 2ES9656', 'ZF Friedrichshafen AG', 1392.00, 9);
INSERT INTO `pecas` (`id_peca`, `nome_peca`, `tipo_peca`, `serie_peca`, `fabricante`, `preco_peca`, `qtd_peca`) VALUES (3, 'Barra de direção', 'carro', '23SCH3AO4015', 'Schaeffler AG', 1606.00, 6);
INSERT INTO `pecas` (`id_peca`, `nome_peca`, `tipo_peca`, `serie_peca`, `fabricante`, `preco_peca`, `qtd_peca`) VALUES (4, 'Bateria', 'carro', '23TEN4IA2833', 'Tenneco Inc.', 1524.00, 5);
INSERT INTO `pecas` (`id_peca`, `nome_peca`, `tipo_peca`, `serie_peca`, `fabricante`, `preco_peca`, `qtd_peca`) VALUES (5, 'Biela', 'carro', '23BOS5LA3103', 'Bosch', 1422.00, 7);
INSERT INTO `pecas` (`id_peca`, `nome_peca`, `tipo_peca`, `serie_peca`, `fabricante`, `preco_peca`, `qtd_peca`) VALUES (6, 'Bomba de combustível', 'carro', '23CON6EL6521', 'Continental AG', 1377.00, 4);
INSERT INTO `pecas` (`id_peca`, `nome_peca`, `tipo_peca`, `serie_peca`, `fabricante`, `preco_peca`, `qtd_peca`) VALUES (7, 'Bomba de direção', 'carro', '23ZF 7AO6758', 'ZF Friedrichshafen AG', 1433.00, 9);
INSERT INTO `pecas` (`id_peca`, `nome_peca`, `tipo_peca`, `serie_peca`, `fabricante`, `preco_peca`, `qtd_peca`) VALUES (8, 'Buzina', 'carro', '23DEL8NA9747', 'Delphi Technologies', 1794.00, 9);
INSERT INTO `pecas` (`id_peca`, `nome_peca`, `tipo_peca`, `serie_peca`, `fabricante`, `preco_peca`, `qtd_peca`) VALUES (9, 'Cabeçote', 'carro', '23DEL9TE3044', 'Delphi Technologies', 1465.00, 8);
INSERT INTO `pecas` (`id_peca`, `nome_peca`, `tipo_peca`, `serie_peca`, `fabricante`, `preco_peca`, `qtd_peca`) VALUES (10, 'Caixa de câmbio', 'carro', '23SCH10IO6595', 'Schaeffler AG', 1590.00, 9);
INSERT INTO `pecas` (`id_peca`, `nome_peca`, `tipo_peca`, `serie_peca`, `fabricante`, `preco_peca`, `qtd_peca`) VALUES (11, 'Câmbio manual/automático', 'carro', '23TEN11CO8582', 'Tenneco Inc.', 1746.00, 9);
INSERT INTO `pecas` (`id_peca`, `nome_peca`, `tipo_peca`, `serie_peca`, `fabricante`, `preco_peca`, `qtd_peca`) VALUES (12, 'Cárter', 'carro', '23DEL12ER6766', 'Delphi Technologies', 1640.00, 7);
INSERT INTO `pecas` (`id_peca`, `nome_peca`, `tipo_peca`, `serie_peca`, `fabricante`, `preco_peca`, `qtd_peca`) VALUES (13, 'Catalisador', 'carro', '23AIS13OR3975', 'Aisin Seiki Co., Ltd.', 1256.00, 9);
INSERT INTO `pecas` (`id_peca`, `nome_peca`, `tipo_peca`, `serie_peca`, `fabricante`, `preco_peca`, `qtd_peca`) VALUES (14, 'Cilindro-mestre', 'carro', '23BOS14RE9781', 'Bosch', 1552.00, 7);
INSERT INTO `pecas` (`id_peca`, `nome_peca`, `tipo_peca`, `serie_peca`, `fabricante`, `preco_peca`, `qtd_peca`) VALUES (15, 'Compressor do ar-condicionado', 'carro', '23MAG15DO5449', 'Magna International', 1468.00, 5);
INSERT INTO `pecas` (`id_peca`, `nome_peca`, `tipo_peca`, `serie_peca`, `fabricante`, `preco_peca`, `qtd_peca`) VALUES (16, 'Condensador do ar-condicionado', 'carro', '23SCH16DO6405', 'Schaeffler AG', 1535.00, 4);
INSERT INTO `pecas` (`id_peca`, `nome_peca`, `tipo_peca`, `serie_peca`, `fabricante`, `preco_peca`, `qtd_peca`) VALUES (17, 'Corpo de borboleta', 'carro', '23MAG17TA5595', 'Magna International', 1267.00, 7);
INSERT INTO `pecas` (`id_peca`, `nome_peca`, `tipo_peca`, `serie_peca`, `fabricante`, `preco_peca`, `qtd_peca`) VALUES (18, 'Correia de acessórios', 'carro', '23CON18OS6340', 'Continental AG', 1383.00, 7);
INSERT INTO `pecas` (`id_peca`, `nome_peca`, `tipo_peca`, `serie_peca`, `fabricante`, `preco_peca`, `qtd_peca`) VALUES (19, 'Correia dentada', 'carro', '23BOS19DA7525', 'Bosch', 1752.00, 10);
INSERT INTO `pecas` (`id_peca`, `nome_peca`, `tipo_peca`, `serie_peca`, `fabricante`, `preco_peca`, `qtd_peca`) VALUES (20, 'Correia dentada (se for a diesel, não tem correia dentada)', 'carro', '23ZF 20A)5969', 'ZF Friedrichshafen AG', 1452.00, 6);
INSERT INTO `pecas` (`id_peca`, `nome_peca`, `tipo_peca`, `serie_peca`, `fabricante`, `preco_peca`, `qtd_peca`) VALUES (21, 'Diferencial', 'carro', '23BOS21AL8133', 'Bosch', 1323.00, 5);
INSERT INTO `pecas` (`id_peca`, `nome_peca`, `tipo_peca`, `serie_peca`, `fabricante`, `preco_peca`, `qtd_peca`) VALUES (22, 'Direção hidráulica', 'carro', '23MAG22CA6516', 'Magna International', 1300.00, 6);
INSERT INTO `pecas` (`id_peca`, `nome_peca`, `tipo_peca`, `serie_peca`, `fabricante`, `preco_peca`, `qtd_peca`) VALUES (23, 'Eixo dianteiro', 'carro', '23AIS23RO9612', 'Aisin Seiki Co., Ltd.', 1769.00, 8);
INSERT INTO `pecas` (`id_peca`, `nome_peca`, `tipo_peca`, `serie_peca`, `fabricante`, `preco_peca`, `qtd_peca`) VALUES (24, 'Eixo traseiro', 'carro', '23ZF 24RO9429', 'ZF Friedrichshafen AG', 1395.00, 5);
INSERT INTO `pecas` (`id_peca`, `nome_peca`, `tipo_peca`, `serie_peca`, `fabricante`, `preco_peca`, `qtd_peca`) VALUES (25, 'Embreagem', 'carro', '23SCH25EM6305', 'Schaeffler AG', 1744.00, 10);
INSERT INTO `pecas` (`id_peca`, `nome_peca`, `tipo_peca`, `serie_peca`, `fabricante`, `preco_peca`, `qtd_peca`) VALUES (26, 'Filtro de ar', 'carro', '23CON26AR9401', 'Continental AG', 1781.00, 9);
INSERT INTO `pecas` (`id_peca`, `nome_peca`, `tipo_peca`, `serie_peca`, `fabricante`, `preco_peca`, `qtd_peca`) VALUES (27, 'Filtro de combustível', 'carro', '23VAL27EL5039', 'Valeo', 1305.00, 8);
INSERT INTO `pecas` (`id_peca`, `nome_peca`, `tipo_peca`, `serie_peca`, `fabricante`, `preco_peca`, `qtd_peca`) VALUES (28, 'Filtro de óleo', 'carro', '23TEN28EO3236', 'Tenneco Inc.', 1771.00, 8);
INSERT INTO `pecas` (`id_peca`, `nome_peca`, `tipo_peca`, `serie_peca`, `fabricante`, `preco_peca`, `qtd_peca`) VALUES (29, 'Freio de estacionamento (separado do freio principal)', 'carro', '23VAL29L)4042', 'Valeo', 1731.00, 8);
INSERT INTO `pecas` (`id_peca`, `nome_peca`, `tipo_peca`, `serie_peca`, `fabricante`, `preco_peca`, `qtd_peca`) VALUES (30, 'Luzes do painel e faróis', 'carro', '23AIS30IS5959', 'Aisin Seiki Co., Ltd.', 1655.00, 7);
INSERT INTO `pecas` (`id_peca`, `nome_peca`, `tipo_peca`, `serie_peca`, `fabricante`, `preco_peca`, `qtd_peca`) VALUES (31, 'Mangueiras e tubulações do ar-condicionado', 'carro', '23DEL31DO7055', 'Delphi Technologies', 1513.00, 4);
INSERT INTO `pecas` (`id_peca`, `nome_peca`, `tipo_peca`, `serie_peca`, `fabricante`, `preco_peca`, `qtd_peca`) VALUES (32, 'Molas', 'carro', '23AIS32AS8145', 'Aisin Seiki Co., Ltd.', 1542.00, 10);
INSERT INTO `pecas` (`id_peca`, `nome_peca`, `tipo_peca`, `serie_peca`, `fabricante`, `preco_peca`, `qtd_peca`) VALUES (33, 'Motor', 'carro', '23DEN33OR8740', 'Denso', 1260.00, 5);
INSERT INTO `pecas` (`id_peca`, `nome_peca`, `tipo_peca`, `serie_peca`, `fabricante`, `preco_peca`, `qtd_peca`) VALUES (34, 'Pedal de embreagem', 'carro', '23VAL34EM9728', 'Valeo', 1548.00, 5);
INSERT INTO `pecas` (`id_peca`, `nome_peca`, `tipo_peca`, `serie_peca`, `fabricante`, `preco_peca`, `qtd_peca`) VALUES (35, 'Pedal de freio', 'carro', '23DEL35IO2991', 'Delphi Technologies', 1414.00, 4);
INSERT INTO `pecas` (`id_peca`, `nome_peca`, `tipo_peca`, `serie_peca`, `fabricante`, `preco_peca`, `qtd_peca`) VALUES (36, 'Pinça de freio', 'carro', '23VAL36IO9789', 'Valeo', 1277.00, 4);
INSERT INTO `pecas` (`id_peca`, `nome_peca`, `tipo_peca`, `serie_peca`, `fabricante`, `preco_peca`, `qtd_peca`) VALUES (37, 'Pistão', 'carro', '23DEN37AO8215', 'Denso', 1726.00, 8);
INSERT INTO `pecas` (`id_peca`, `nome_peca`, `tipo_peca`, `serie_peca`, `fabricante`, `preco_peca`, `qtd_peca`) VALUES (38, 'Radiador', 'carro', '23ZF 38OR8615', 'ZF Friedrichshafen AG', 1388.00, 7);
INSERT INTO `pecas` (`id_peca`, `nome_peca`, `tipo_peca`, `serie_peca`, `fabricante`, `preco_peca`, `qtd_peca`) VALUES (39, 'Radiador de arrefecimento do ar-condicionado', 'carro', '23BOS39DO7069', 'Bosch', 1370.00, 5);
INSERT INTO `pecas` (`id_peca`, `nome_peca`, `tipo_peca`, `serie_peca`, `fabricante`, `preco_peca`, `qtd_peca`) VALUES (40, 'Radiador de óleo', 'carro', '23CON40EO3385', 'Continental AG', 1792.00, 10);
INSERT INTO `pecas` (`id_peca`, `nome_peca`, `tipo_peca`, `serie_peca`, `fabricante`, `preco_peca`, `qtd_peca`) VALUES (41, 'Retrovisores', 'carro', '23SCH41ES5311', 'Schaeffler AG', 1267.00, 5);
INSERT INTO `pecas` (`id_peca`, `nome_peca`, `tipo_peca`, `serie_peca`, `fabricante`, `preco_peca`, `qtd_peca`) VALUES (42, 'Sensor de oxigênio', 'carro', '23BOS42IO9447', 'Bosch', 1742.00, 5);
INSERT INTO `pecas` (`id_peca`, `nome_peca`, `tipo_peca`, `serie_peca`, `fabricante`, `preco_peca`, `qtd_peca`) VALUES (43, 'Sensor de posição do acelerador', 'carro', '23DEN43OR8762', 'Denso', 1660.00, 9);
INSERT INTO `pecas` (`id_peca`, `nome_peca`, `tipo_peca`, `serie_peca`, `fabricante`, `preco_peca`, `qtd_peca`) VALUES (44, 'Sensor de pressão do óleo', 'carro', '23ZF 44EO5777', 'ZF Friedrichshafen AG', 1622.00, 5);
INSERT INTO `pecas` (`id_peca`, `nome_peca`, `tipo_peca`, `serie_peca`, `fabricante`, `preco_peca`, `qtd_peca`) VALUES (45, 'Sensor de temperatura', 'carro', '23VAL45RA9560', 'Valeo', 1743.00, 10);
INSERT INTO `pecas` (`id_peca`, `nome_peca`, `tipo_peca`, `serie_peca`, `fabricante`, `preco_peca`, `qtd_peca`) VALUES (46, 'Sensor de velocidade', 'carro', '23DEN46DE5824', 'Denso', 1637.00, 8);
INSERT INTO `pecas` (`id_peca`, `nome_peca`, `tipo_peca`, `serie_peca`, `fabricante`, `preco_peca`, `qtd_peca`) VALUES (47, 'Servo freio', 'carro', '23ZF 47IO6922', 'ZF Friedrichshafen AG', 1583.00, 7);
INSERT INTO `pecas` (`id_peca`, `nome_peca`, `tipo_peca`, `serie_peca`, `fabricante`, `preco_peca`, `qtd_peca`) VALUES (48, 'Sistema de escapamento', 'carro', '23CON48TO8883', 'Continental AG', 1582.00, 5);
INSERT INTO `pecas` (`id_peca`, `nome_peca`, `tipo_peca`, `serie_peca`, `fabricante`, `preco_peca`, `qtd_peca`) VALUES (49, 'Sistema de freios (discos, pastilhas, tambores)', 'carro', '23AIS49S)9450', 'Aisin Seiki Co., Ltd.', 1750.00, 9);
INSERT INTO `pecas` (`id_peca`, `nome_peca`, `tipo_peca`, `serie_peca`, `fabricante`, `preco_peca`, `qtd_peca`) VALUES (50, 'Suspensão dianteira', 'carro', '23SCH50RA6985', 'Schaeffler AG', 1311.00, 8);
INSERT INTO `pecas` (`id_peca`, `nome_peca`, `tipo_peca`, `serie_peca`, `fabricante`, `preco_peca`, `qtd_peca`) VALUES (51, 'Suspensão traseira', 'carro', '23VAL51RA8235', 'Valeo', 1688.00, 9);
INSERT INTO `pecas` (`id_peca`, `nome_peca`, `tipo_peca`, `serie_peca`, `fabricante`, `preco_peca`, `qtd_peca`) VALUES (52, 'Tanque de combustível', 'carro', '23BOS52EL6739', 'Bosch', 1384.00, 9);
INSERT INTO `pecas` (`id_peca`, `nome_peca`, `tipo_peca`, `serie_peca`, `fabricante`, `preco_peca`, `qtd_peca`) VALUES (53, 'Transmissão', 'carro', '23AIS53AO5012', 'Aisin Seiki Co., Ltd.', 1692.00, 4);
INSERT INTO `pecas` (`id_peca`, `nome_peca`, `tipo_peca`, `serie_peca`, `fabricante`, `preco_peca`, `qtd_peca`) VALUES (54, 'Vela de ignição', 'carro', '23TEN54AO6774', 'Tenneco Inc.', 1653.00, 10);
INSERT INTO `pecas` (`id_peca`, `nome_peca`, `tipo_peca`, `serie_peca`, `fabricante`, `preco_peca`, `qtd_peca`) VALUES (55, 'Vela de ignição (se for a diesel, não tem vela)', 'carro', '23ZF 55A)6556', 'ZF Friedrichshafen AG', 1789.00, 9);
INSERT INTO `pecas` (`id_peca`, `nome_peca`, `tipo_peca`, `serie_peca`, `fabricante`, `preco_peca`, `qtd_peca`) VALUES (56, 'Virabrequim', 'carro', '23VAL56IM5048', 'Valeo', 1627.00, 9);
INSERT INTO `pecas` (`id_peca`, `nome_peca`, `tipo_peca`, `serie_peca`, `fabricante`, `preco_peca`, `qtd_peca`) VALUES (57, 'Cabos dos freios, da embreagem e do acelerador', 'moto', '23PIR57OR6971', 'Pirelli', 1702.00, 8);
INSERT INTO `pecas` (`id_peca`, `nome_peca`, `tipo_peca`, `serie_peca`, `fabricante`, `preco_peca`, `qtd_peca`) VALUES (58, 'Pastilhas dos freios', 'moto', '23BRE58OS5805', 'Brembo', 1678.00, 4);
INSERT INTO `pecas` (`id_peca`, `nome_peca`, `tipo_peca`, `serie_peca`, `fabricante`, `preco_peca`, `qtd_peca`) VALUES (59, 'Velas de ignição', 'moto', '23ÖHL59AO9674', 'Öhlins Racing AB', 1611.00, 9);
INSERT INTO `pecas` (`id_peca`, `nome_peca`, `tipo_peca`, `serie_peca`, `fabricante`, `preco_peca`, `qtd_peca`) VALUES (60, 'Embreagem', 'moto', '23PIR60EM3217', 'Pirelli', 1461.00, 7);
INSERT INTO `pecas` (`id_peca`, `nome_peca`, `tipo_peca`, `serie_peca`, `fabricante`, `preco_peca`, `qtd_peca`) VALUES (61, 'Correntes', 'moto', '23BRE61ES6173', 'Brembo', 1479.00, 8);
INSERT INTO `pecas` (`id_peca`, `nome_peca`, `tipo_peca`, `serie_peca`, `fabricante`, `preco_peca`, `qtd_peca`) VALUES (62, 'Bateria', 'moto', '23ÖHL62IA9551', 'Öhlins Racing AB', 1435.00, 5);
INSERT INTO `pecas` (`id_peca`, `nome_peca`, `tipo_peca`, `serie_peca`, `fabricante`, `preco_peca`, `qtd_peca`) VALUES (63, 'Pneus', 'moto', '23PIR63US2714', 'Pirelli', 1759.00, 8);
INSERT INTO `pecas` (`id_peca`, `nome_peca`, `tipo_peca`, `serie_peca`, `fabricante`, `preco_peca`, `qtd_peca`) VALUES (64, 'Válvula de admissão', 'moto', '23DUN64AO9497', 'Dunlop', 1551.00, 9);
INSERT INTO `pecas` (`id_peca`, `nome_peca`, `tipo_peca`, `serie_peca`, `fabricante`, `preco_peca`, `qtd_peca`) VALUES (65, 'Válvulas de escape', 'moto', '23MIC65PE9324', 'Michelin', 1334.00, 8);
INSERT INTO `pecas` (`id_peca`, `nome_peca`, `tipo_peca`, `serie_peca`, `fabricante`, `preco_peca`, `qtd_peca`) VALUES (66, 'Duto de admissão', 'moto', '23DUN66AO6045', 'Dunlop', 1300.00, 5);
INSERT INTO `pecas` (`id_peca`, `nome_peca`, `tipo_peca`, `serie_peca`, `fabricante`, `preco_peca`, `qtd_peca`) VALUES (67, 'Tampa de válvulas', 'moto', '23BRI67AS8526', 'Bridgestone', 1534.00, 4);
INSERT INTO `pecas` (`id_peca`, `nome_peca`, `tipo_peca`, `serie_peca`, `fabricante`, `preco_peca`, `qtd_peca`) VALUES (68, 'Comando de válvulas', 'moto', '23PIR68AS7875', 'Pirelli', 1366.00, 6);
INSERT INTO `pecas` (`id_peca`, `nome_peca`, `tipo_peca`, `serie_peca`, `fabricante`, `preco_peca`, `qtd_peca`) VALUES (69, 'Vela de ignição', 'moto', '23BRI69AO3439', 'Bridgestone', 1531.00, 7);
INSERT INTO `pecas` (`id_peca`, `nome_peca`, `tipo_peca`, `serie_peca`, `fabricante`, `preco_peca`, `qtd_peca`) VALUES (70, 'Cabeçote', 'moto', '23KYB70TE9122', 'KYB Corporation', 1663.00, 10);
INSERT INTO `pecas` (`id_peca`, `nome_peca`, `tipo_peca`, `serie_peca`, `fabricante`, `preco_peca`, `qtd_peca`) VALUES (71, 'Bloco de motor', 'moto', '23MET71OR6027', 'Metzeler', 1651.00, 10);

-- Carga para a tabela de clientes
INSERT INTO `clientes`( `id_cliente`,  `nome_cliente`,  `CPF_cliente`, `endereco_cliente`,  `bairro_cliente`, `estado_cliente`,  `email_cliente`, `contato_cliente`) VALUES (1, 'Maria  da Silva','901234567', 'Avenida Atlântica, 25/101 ', 'Copacabana', 'RJ', 'carlos@gmail.com', '12345-6789');
INSERT INTO `clientes`( `id_cliente`,  `nome_cliente`,  `CPF_cliente`, `endereco_cliente`,  `bairro_cliente`, `estado_cliente`,  `email_cliente`, `contato_cliente`) VALUES (2, 'Ana Santos','654321098', 'Rua Vinícius de Moraes, 70 ', 'Ipanema', 'RJ', 'maria1985@hotmail.com', '98765-4321');
INSERT INTO `clientes`( `id_cliente`,  `nome_cliente`,  `CPF_cliente`, `endereco_cliente`,  `bairro_cliente`, `estado_cliente`,  `email_cliente`, `contato_cliente`) VALUES (3, 'Sophia de Oliveira','210987654', 'Rua Voluntários da Pátria 33 ', 'Botafogo', 'RJ', 'joao.silva@yahoo.com', '56789-1234');
INSERT INTO `clientes`( `id_cliente`,  `nome_cliente`,  `CPF_cliente`, `endereco_cliente`,  `bairro_cliente`, `estado_cliente`,  `email_cliente`, `contato_cliente`) VALUES (4, 'Gabriela de Souza','789012345', 'Rua do Lavradio, 10 ', 'Lapa', 'RJ', 'ana_pereira@gmail.com', '87654-3210');
INSERT INTO `clientes`( `id_cliente`,  `nome_cliente`,  `CPF_cliente`, `endereco_cliente`,  `bairro_cliente`, `estado_cliente`,  `email_cliente`, `contato_cliente`) VALUES (5, 'Manuela  Pereira','234567890', 'Rua Almirante Alexandrino, 5 casa 4 ', 'Santa Teresa', 'RJ', 'pedro1234@outlook.com', '24681-3579');
INSERT INTO `clientes`( `id_cliente`,  `nome_cliente`,  `CPF_cliente`, `endereco_cliente`,  `bairro_cliente`, `estado_cliente`,  `email_cliente`, `contato_cliente`) VALUES (6, 'Júlia Rodrigues','567890123', 'Rua Marquês de Abrantes 200 ', 'Flamengo', 'RJ', 'isabela.costa@hotmail.com', '13579-2468');
INSERT INTO `clientes`( `id_cliente`,  `nome_cliente`,  `CPF_cliente`, `endereco_cliente`,  `bairro_cliente`, `estado_cliente`,  `email_cliente`, `contato_cliente`) VALUES (7, 'Beatriz Alves','876543210', 'Avenida Delfim Moreira 298/1001', 'Leblon', 'RJ', 'luiz_fernandes@yahoo.com', '31415-9265');
INSERT INTO `clientes`( `id_cliente`,  `nome_cliente`,  `CPF_cliente`, `endereco_cliente`,  `bairro_cliente`, `estado_cliente`,  `email_cliente`, `contato_cliente`) VALUES (8, 'Isabela Lima','432109876', 'Avenida das Américas, 10 ', 'Barra da Tijuca', 'RJ', 'julia1990@gmail.com', '27182-8182');
INSERT INTO `clientes`( `id_cliente`,  `nome_cliente`,  `CPF_cliente`, `endereco_cliente`,  `bairro_cliente`, `estado_cliente`,  `email_cliente`, `contato_cliente`) VALUES (9, 'Clara Eloá Fernandes','876543211', 'Rua Barata Ribeiro, 32/605 fundos ', 'Copacabana', 'RJ', 'rafael.santos@outlook.com', '86420-9137');
INSERT INTO `clientes`( `id_cliente`,  `nome_cliente`,  `CPF_cliente`, `endereco_cliente`,  `bairro_cliente`, `estado_cliente`,  `email_cliente`, `contato_cliente`) VALUES (10, 'Maria da Costa','234567892', 'Rua Visconde de Pirajá, 32 ', 'Ipanema', 'RJ', 'larissa2001@yahoo.com', '15926-5358');
INSERT INTO `clientes`( `id_cliente`,  `nome_cliente`,  `CPF_cliente`, `endereco_cliente`,  `bairro_cliente`, `estado_cliente`,  `email_cliente`, `contato_cliente`) VALUES (11, 'Alice Carvalho','678901234', 'Rua São Clemente, 24/700 ', 'Botafogo', 'RJ', 'felipe.oliveira@gmail.com', '77582-4621');
INSERT INTO `clientes`( `id_cliente`,  `nome_cliente`,  `CPF_cliente`, `endereco_cliente`,  `bairro_cliente`, `estado_cliente`,  `email_cliente`, `contato_cliente`) VALUES (12, 'Edilmar Gomes','555123456', 'Rua do Riachuelo, 7 ', 'Lapa', 'RJ', 'amanda_costa@hotmail.com', '23415-1582');
INSERT INTO `clientes`( `id_cliente`,  `nome_cliente`,  `CPF_cliente`, `endereco_cliente`,  `bairro_cliente`, `estado_cliente`,  `email_cliente`, `contato_cliente`) VALUES (13, 'Rogério Martins','789234567', 'Rua Monte Alegre, 33 ', 'Santa Teresa', 'RJ', 'lucas2005@yahoo.com', '76158-4392');
INSERT INTO `clientes`( `id_cliente`,  `nome_cliente`,  `CPF_cliente`, `endereco_cliente`,  `bairro_cliente`, `estado_cliente`,  `email_cliente`, `contato_cliente`) VALUES (14, 'Carlos Ribeiro','123456789', 'Avenida Rui Barbosa, 22/101 ', 'Flamengo', 'RJ', 'beatriz.rodrigues@gmail.com', '38529-7264');
INSERT INTO `clientes`( `id_cliente`,  `nome_cliente`,  `CPF_cliente`, `endereco_cliente`,  `bairro_cliente`, `estado_cliente`,  `email_cliente`, `contato_cliente`) VALUES (15, 'Maria de Nunes da Silva','456789012', 'Avenida Ataulfo de Paiva 25/505 ', 'Leblon', 'RJ', 'gustavo87@outlook.com', '92763-0148');
INSERT INTO `clientes`( `id_cliente`,  `nome_cliente`,  `CPF_cliente`, `endereco_cliente`,  `bairro_cliente`, `estado_cliente`,  `email_cliente`, `contato_cliente`) VALUES (16, 'Paulo Mendes','345678901', 'Avenida das Acácias, 1000 ', 'Barra da Tijuca', 'RJ', 'laura.cavalcanti@yahoo.com', '48071-2853');
INSERT INTO `clientes`( `id_cliente`,  `nome_cliente`,  `CPF_cliente`, `endereco_cliente`,  `bairro_cliente`, `estado_cliente`,  `email_cliente`, `contato_cliente`) VALUES (17, 'Otavio Coelho','789234568', 'Avenida Nossa Senhora de Copacabana, 77/1508 ', 'Copacabana', 'RJ', 'henrique123@gmail.com', '29103-4568');
INSERT INTO `clientes`( `id_cliente`,  `nome_cliente`,  `CPF_cliente`, `endereco_cliente`,  `bairro_cliente`, `estado_cliente`,  `email_cliente`, `contato_cliente`) VALUES (18, 'José de Castro','321987654', 'Rua Farme de Amoedo 25 casa 2 ', 'Ipanema', 'RJ', 'sofia.martins@hotmail.com', '76520-4193');
INSERT INTO `clientes`( `id_cliente`,  `nome_cliente`,  `CPF_cliente`, `endereco_cliente`,  `bairro_cliente`, `estado_cliente`,  `email_cliente`, `contato_cliente`) VALUES (19, 'Júnior Barbosa','890123456', 'Rua São João Batista 190 ', 'Botafogo', 'RJ', 'guilherme_95@yahoo.com', '85203-7164');
INSERT INTO `clientes`( `id_cliente`,  `nome_cliente`,  `CPF_cliente`, `endereco_cliente`,  `bairro_cliente`, `estado_cliente`,  `email_cliente`, `contato_cliente`) VALUES (20, 'Antônio Cardoso Matos','432109801', 'Rua Almirante Alexandrino, 22 ', 'Santa Teresa', 'RJ', 'mariana.souza@gmail.com', '51382-0476');
INSERT INTO `clientes`( `id_cliente`,  `nome_cliente`,  `CPF_cliente`, `endereco_cliente`,  `bairro_cliente`, `estado_cliente`,  `email_cliente`, `contato_cliente`) VALUES (21, 'Maria Luiza da Silva Santos','901234568', 'Rua Operária, 681 ', 'Tijuca', 'RJ', 'bruno.pereira@hotmail.com', '96401-2853');
INSERT INTO `clientes`( `id_cliente`,  `nome_cliente`,  `CPF_cliente`, `endereco_cliente`,  `bairro_cliente`, `estado_cliente`,  `email_cliente`, `contato_cliente`) VALUES (22, 'João Pedro Oliveira Almeida','987654321', 'Rua Vitório da Costa, 692 ', 'Glória', 'RJ', 'camila2002@yahoo.com', '83517-6204');
INSERT INTO `clientes`( `id_cliente`,  `nome_cliente`,  `CPF_cliente`, `endereco_cliente`,  `bairro_cliente`, `estado_cliente`,  `email_cliente`, `contato_cliente`) VALUES (23, 'Ana Clara Rodrigues Costa','123456000', 'Travessa Dias, 944 ', 'Barra da Tijuca', 'RJ', 'tiago_santos@gmail.com', '47386-1205');
INSERT INTO `clientes`( `id_cliente`,  `nome_cliente`,  `CPF_cliente`, `endereco_cliente`,  `bairro_cliente`, `estado_cliente`,  `email_cliente`, `contato_cliente`) VALUES (24, 'Lucas Gabriel Pereira Lima','678901235', 'Rua José Mariano, 445 ', 'Glória', 'RJ', 'vitoria1999@outlook.com', '25084-1396');
INSERT INTO `clientes`( `id_cliente`,  `nome_cliente`,  `CPF_cliente`, `endereco_cliente`,  `bairro_cliente`, `estado_cliente`,  `email_cliente`, `contato_cliente`) VALUES (25, 'Isabela Cristina Santos Souza','567890100', 'Rua Ibipitanga, 283 ', 'Barra da Tijuca', 'RJ', 'matheus.rocha@yahoo.com', '64981-2357');
INSERT INTO `clientes`( `id_cliente`,  `nome_cliente`,  `CPF_cliente`, `endereco_cliente`,  `bairro_cliente`, `estado_cliente`,  `email_cliente`, `contato_cliente`) VALUES (26, 'Guilherme Henrique Castro Rocha','567890102', 'Vila Serafim, 638 ', 'Lapa', 'RJ', 'clara2004@gmail.com', '73260-4891');
INSERT INTO `clientes`( `id_cliente`,  `nome_cliente`,  `CPF_cliente`, `endereco_cliente`,  `bairro_cliente`, `estado_cliente`,  `email_cliente`, `contato_cliente`) VALUES (27, 'Sofia Beatriz Barbosa Carvalho','234567891', 'Adro São de Francisco, 696 ', 'Campo Grande', 'RJ', 'samuel.lima@hotmail.com', '92751-4603');
INSERT INTO `clientes`( `id_cliente`,  `nome_cliente`,  `CPF_cliente`, `endereco_cliente`,  `bairro_cliente`, `estado_cliente`,  `email_cliente`, `contato_cliente`) VALUES (28, 'Pedro Henrique Alves Ferreira','987654322', 'Rua Nossa Senhora de Fátima, 3 ', 'Barra da Tijuca', 'RJ', 'isadora1998@yahoo.com', '37401-2958');
INSERT INTO `clientes`( `id_cliente`,  `nome_cliente`,  `CPF_cliente`, `endereco_cliente`,  `bairro_cliente`, `estado_cliente`,  `email_cliente`, `contato_cliente`) VALUES (29, 'Laura Vitória Nunes Martins','321000254', 'Rua Simão Santos, 638 ', 'Copacabana', 'RJ', 'davi.silva@gmail.com', '95031-2864');
INSERT INTO `clientes`( `id_cliente`,  `nome_cliente`,  `CPF_cliente`, `endereco_cliente`,  `bairro_cliente`, `estado_cliente`,  `email_cliente`, `contato_cliente`) VALUES (30, 'Miguel Antônio Gomes Ribeiro','555123457', 'Travessa do Campinho, 309 ', 'Grajaú', 'RJ', 'rebeca_costa@hotmail.com', '36257-8901');

-- Carga de Dados para a tabela de Veiculos
INSERT INTO `veiculos` (`id_veiculo`, `id_cliente`, `Marca`, `modelo`, `placa`, `ano`, `cor`, `quilometragem`, `combustivel`, `capacidade_tanque`, `tipo_veiculo`) VALUES (1,10,'Volkswagen', 'Fusca', 'ABC-1234', '2009', 'preto', '9194', 'etanol', 55, 'Carro');
INSERT INTO `veiculos` (`id_veiculo`, `id_cliente`, `Marca`, `modelo`, `placa`, `ano`, `cor`, `quilometragem`, `combustivel`, `capacidade_tanque`, `tipo_veiculo`) VALUES (2,20,'Peugeot', '208', 'DEF-5678', '2021', 'prata', '16956', 'etanol', 55, 'Carro');
INSERT INTO `veiculos` (`id_veiculo`, `id_cliente`, `Marca`, `modelo`, `placa`, `ano`, `cor`, `quilometragem`, `combustivel`, `capacidade_tanque`, `tipo_veiculo`) VALUES (3,3,'Volkswagen', 'Voyage ', 'GHI-9876', '2020', 'verde', '14160', 'etanol', 55, 'Carro');
INSERT INTO `veiculos` (`id_veiculo`, `id_cliente`, `Marca`, `modelo`, `placa`, `ano`, `cor`, `quilometragem`, `combustivel`, `capacidade_tanque`, `tipo_veiculo`) VALUES (4,5,'Fiat', 'Cronos ', 'JKL-4321', '2022', 'preto', '17488', 'etanol', 55, 'Carro');
INSERT INTO `veiculos` (`id_veiculo`, `id_cliente`, `Marca`, `modelo`, `placa`, `ano`, `cor`, `quilometragem`, `combustivel`, `capacidade_tanque`, `tipo_veiculo`) VALUES (5,17,'Renault ', 'Kwid ', 'MNO-8765', '2021', 'preto', '18904', 'flex', 55, 'Carro');
INSERT INTO `veiculos` (`id_veiculo`, `id_cliente`, `Marca`, `modelo`, `placa`, `ano`, `cor`, `quilometragem`, `combustivel`, `capacidade_tanque`, `tipo_veiculo`) VALUES (6,11,'Fiat ', 'Argo ', 'PQR-6543', '2022', 'branco', '12192', 'gasolina', 55, 'Carro');
INSERT INTO `veiculos` (`id_veiculo`, `id_cliente`, `Marca`, `modelo`, `placa`, `ano`, `cor`, `quilometragem`, `combustivel`, `capacidade_tanque`, `tipo_veiculo`) VALUES (7,8,'Volkswagen ', 'Gol ', 'STU-3210', '2022', 'preto', '12671', 'flex', 55, 'Carro');
INSERT INTO `veiculos` (`id_veiculo`, `id_cliente`, `Marca`, `modelo`, `placa`, `ano`, `cor`, `quilometragem`, `combustivel`, `capacidade_tanque`, `tipo_veiculo`) VALUES (8,7,'Fiat ', 'Mobi ', 'VWX-4567', '2009', 'branco', '14001', 'etanol', 55, 'Carro');
INSERT INTO `veiculos` (`id_veiculo`, `id_cliente`, `Marca`, `modelo`, `placa`, `ano`, `cor`, `quilometragem`, `combustivel`, `capacidade_tanque`, `tipo_veiculo`) VALUES (9,7,'Chevrolet ', 'Onix Plus ', 'YZA-8901', '2021', 'branco', '16418', 'flex', 55, 'Carro');
INSERT INTO `veiculos` (`id_veiculo`, `id_cliente`, `Marca`, `modelo`, `placa`, `ano`, `cor`, `quilometragem`, `combustivel`, `capacidade_tanque`, `tipo_veiculo`) VALUES (10,4,'Chevrolet ', 'Onix', 'BCD-1098', '2020', 'prata', '10834', 'gasolina', 55, 'Carro');
INSERT INTO `veiculos` (`id_veiculo`, `id_cliente`, `Marca`, `modelo`, `placa`, `ano`, `cor`, `quilometragem`, `combustivel`, `capacidade_tanque`, `tipo_veiculo`) VALUES (11,22,'Hyundai ', 'HB20', 'FGH-8765', '2022', 'branco', '15873', 'etanol', 55, 'Carro');
INSERT INTO `veiculos` (`id_veiculo`, `id_cliente`, `Marca`, `modelo`, `placa`, `ano`, `cor`, `quilometragem`, `combustivel`, `capacidade_tanque`, `tipo_veiculo`) VALUES (12,1,'Volkswagen ', 'Polo', 'IJK-2345', '2021', 'branco', '20470', 'etanol', 55, 'Carro');
INSERT INTO `veiculos` (`id_veiculo`, `id_cliente`, `Marca`, `modelo`, `placa`, `ano`, `cor`, `quilometragem`, `combustivel`, `capacidade_tanque`, `tipo_veiculo`) VALUES (13,19,'Volkswagen ', 'Savero', 'LMN-6789', '2022', 'cinza', '13997', 'flex', 55, 'Carro');
INSERT INTO `veiculos` (`id_veiculo`, `id_cliente`, `Marca`, `modelo`, `placa`, `ano`, `cor`, `quilometragem`, `combustivel`, `capacidade_tanque`, `tipo_veiculo`) VALUES (14,6,'Ford', 'Fiesta', 'OPQ-5432', '2022', 'preto', '20027', 'flex', 55, 'Carro');
INSERT INTO `veiculos` (`id_veiculo`, `id_cliente`, `Marca`, `modelo`, `placa`, `ano`, `cor`, `quilometragem`, `combustivel`, `capacidade_tanque`, `tipo_veiculo`) VALUES (15,21,'Ford', 'Ka', 'RST-2109', '2008', 'cinza', '15639', 'gasolina', 55, 'Carro');
INSERT INTO `veiculos` (`id_veiculo`, `id_cliente`, `Marca`, `modelo`, `placa`, `ano`, `cor`, `quilometragem`, `combustivel`, `capacidade_tanque`, `tipo_veiculo`) VALUES (16,9,'Ford', 'Focus', 'UVW-6780', '2010', 'branco', '18540', 'gasolina', 55, 'Carro');
INSERT INTO `veiculos` (`id_veiculo`, `id_cliente`, `Marca`, `modelo`, `placa`, `ano`, `cor`, `quilometragem`, `combustivel`, `capacidade_tanque`, `tipo_veiculo`) VALUES (17,1,'Volkswagen ', 'Fusca', 'XYZ-9876', '2009', 'cinza', '20212', 'gasolina', 55, 'Carro');
INSERT INTO `veiculos` (`id_veiculo`, `id_cliente`, `Marca`, `modelo`, `placa`, `ano`, `cor`, `quilometragem`, `combustivel`, `capacidade_tanque`, `tipo_veiculo`) VALUES (18,15,'Fial', 'Uno', '123-1209', '2021', 'marron', '15017', 'etanol', 55, 'Carro');
INSERT INTO `veiculos` (`id_veiculo`, `id_cliente`, `Marca`, `modelo`, `placa`, `ano`, `cor`, `quilometragem`, `combustivel`, `capacidade_tanque`, `tipo_veiculo`) VALUES (19,23,'Fial', 'Gol ', '456-4567', '2020', 'preto', '17368', 'etanol', 55, 'Carro');
INSERT INTO `veiculos` (`id_veiculo`, `id_cliente`, `Marca`, `modelo`, `placa`, `ano`, `cor`, `quilometragem`, `combustivel`, `capacidade_tanque`, `tipo_veiculo`) VALUES (20,18,'Renault ', 'Kwid ', '789-8901', '2022', 'preto', '19392', 'gasolina', 55, 'Carro');
INSERT INTO `veiculos` (`id_veiculo`, `id_cliente`, `Marca`, `modelo`, `placa`, `ano`, `cor`, `quilometragem`, `combustivel`, `capacidade_tanque`, `tipo_veiculo`) VALUES (21,10,'Fiat ', 'Argo ', '012-5432', '2021', 'preto', '16629', 'flex', 55, 'Carro');
INSERT INTO `veiculos` (`id_veiculo`, `id_cliente`, `Marca`, `modelo`, `placa`, `ano`, `cor`, `quilometragem`, `combustivel`, `capacidade_tanque`, `tipo_veiculo`) VALUES (22,6,'Fial', 'Gol ', '345-7890', '2022', 'prata', '14708', 'etanol', 55, 'Carro');
INSERT INTO `veiculos` (`id_veiculo`, `id_cliente`, `Marca`, `modelo`, `placa`, `ano`, `cor`, `quilometragem`, `combustivel`, `capacidade_tanque`, `tipo_veiculo`) VALUES (23,23,'Honda', 'Civic', '678-2109', '2022', 'prata', '17640', 'gasolina', 55, 'Carro');
INSERT INTO `veiculos` (`id_veiculo`, `id_cliente`, `Marca`, `modelo`, `placa`, `ano`, `cor`, `quilometragem`, `combustivel`, `capacidade_tanque`, `tipo_veiculo`) VALUES (24,30,'Honda', 'Biz 110//123', 'DEF-5678', '2009', 'preta', '155402', 'gasolina', 9, 'Moto');
INSERT INTO `veiculos` (`id_veiculo`, `id_cliente`, `Marca`, `modelo`, `placa`, `ano`, `cor`, `quilometragem`, `combustivel`, `capacidade_tanque`, `tipo_veiculo`) VALUES (25,11,'Suzuki', 'SV650', 'GHI-9876', '2021', 'cinza', '120025', 'etanol', 9, 'Moto');
INSERT INTO `veiculos` (`id_veiculo`, `id_cliente`, `Marca`, `modelo`, `placa`, `ano`, `cor`, `quilometragem`, `combustivel`, `capacidade_tanque`, `tipo_veiculo`) VALUES (26,19,'Yamaha', 'Fazer FZ25', 'JKL-4321', '2020', 'preta', '5025', 'flex', 9, 'Moto');
INSERT INTO `veiculos` (`id_veiculo`, `id_cliente`, `Marca`, `modelo`, `placa`, `ano`, `cor`, `quilometragem`, `combustivel`, `capacidade_tanque`, `tipo_veiculo`) VALUES (27,24,'Honda', 'NXR 160 Bros', 'MNO-8765', '2022', 'preta', '22140', 'gasolina', 9, 'Moto');
INSERT INTO `veiculos` (`id_veiculo`, `id_cliente`, `Marca`, `modelo`, `placa`, `ano`, `cor`, `quilometragem`, `combustivel`, `capacidade_tanque`, `tipo_veiculo`) VALUES (28,24,'Honda', 'POP 110', 'PQR-6543', '2021', 'prata', '4001', 'etanol', 9, 'Moto');
INSERT INTO `veiculos` (`id_veiculo`, `id_cliente`, `Marca`, `modelo`, `placa`, `ano`, `cor`, `quilometragem`, `combustivel`, `capacidade_tanque`, `tipo_veiculo`) VALUES (29,7,'Kawasaki', 'Ninja 300', 'STU-3210', '2022', 'preta', '18751', 'gasolina', 9, 'Moto');
INSERT INTO `veiculos` (`id_veiculo`, `id_cliente`, `Marca`, `modelo`, `placa`, `ano`, `cor`, `quilometragem`, `combustivel`, `capacidade_tanque`, `tipo_veiculo`) VALUES (30,28,'Yamaha', 'YZF-R3', 'VWX-4567', '2022', 'preta', '29540', 'gasolina', 9, 'Moto');

-- Carga de Dados para a tabela Fornecedores
INSERT INTO `fornecedores` (`id_fornecedor`, `razao_social_fornecedor`, `CNPJ_fornecedor`, `telefone_fornecedor`, `nome_contato_fornecedor`, `cpf_contato_fornecedor`, `telefone_contato_fornecedor`, `endereco_fornecedor`, `bairro_fornecedor`,`estado_fornecedor`) VALUES ( 1, 'Universal Peças de Carros Ltda', '123456789012345', '83059-4716', 'Lucas Silva Santos',  '123456789',  '59084-3167', 'Rua Recreio 890 ', 'Recreio dos Bandeirantes', 'RJ');
INSERT INTO `fornecedores` (`id_fornecedor`, `razao_social_fornecedor`, `CNPJ_fornecedor`, `telefone_fornecedor`, `nome_contato_fornecedor`, `cpf_contato_fornecedor`, `telefone_contato_fornecedor`, `endereco_fornecedor`, `bairro_fornecedor`,`estado_fornecedor`) VALUES ( 2, 'Armazém das Peças ME', '123456798000145', '69385-4210', 'Larissa Lima Almeida',  '987654321',  '15872-3940', 'Rua Barro Preto 654 ', 'Barro Preto', 'MG');
INSERT INTO `fornecedores` (`id_fornecedor`, `razao_social_fornecedor`, `CNPJ_fornecedor`, `telefone_fornecedor`, `nome_contato_fornecedor`, `cpf_contato_fornecedor`, `telefone_contato_fornecedor`, `endereco_fornecedor`, `bairro_fornecedor`,`estado_fornecedor`) VALUES ( 3, 'Loja Motos e Carros Ltda’', '784100009000100', '91257-4306', 'Bruna Pereira Silva',  '789234567',  '73168-4205', 'Avenida Lourdes 567 ', 'Lourdes', 'MG');
INSERT INTO `fornecedores` (`id_fornecedor`, `razao_social_fornecedor`, `CNPJ_fornecedor`, `telefone_fornecedor`, `nome_contato_fornecedor`, `cpf_contato_fornecedor`, `telefone_contato_fornecedor`, `endereco_fornecedor`, `bairro_fornecedor`,`estado_fornecedor`) VALUES ( 4, 'All Car & motocicles Parts S.A.', '101478501000101', '78340-5961', 'Henrique Oliveira Costa',  '432109876',  '58697-1430', 'Rua Augusta 9012 ', 'Consolação', 'SP');
INSERT INTO `fornecedores` (`id_fornecedor`, `razao_social_fornecedor`, `CNPJ_fornecedor`, `telefone_fornecedor`, `nome_contato_fornecedor`, `cpf_contato_fornecedor`, `telefone_contato_fornecedor`, `endereco_fornecedor`, `bairro_fornecedor`,`estado_fornecedor`) VALUES ( 5, 'Soluções Auto Venda e Comercia Ltda.', '951426870000102', '62510-3894', 'Beatriz Pereira Lima',  '345678901',  '97483-6102', 'Rua Floresta 789 ', 'Floresta', 'MG');

-- Carga de Dados para a tabela Funcionarios
INSERT INTO `funcionarios` (`id_func`, `nome_func`, `cargo_func`, `data_contratacao`, `salario`, `cpf_func`, `endereco_func`, `bairro_func`, `estado_func`, `email_func`, `contato_func`) VALUES (1, 'Enzo Rafael Costa Carvalho', 'mecânico geral', '2022-01-05', 3960.25, '555123456', 'Rua São Clemente, 24/700', 'Botafogo', 'RJ', 'fael.mecanico@gmail.com', "31415-9265");
INSERT INTO `funcionarios` (`id_func`, `nome_func`, `cargo_func`, `data_contratacao`, `salario`, `cpf_func`, `endereco_func`, `bairro_func`, `estado_func`, `email_func`, `contato_func`) VALUES (2, 'Pedro Henrique Alves Ferreira', 'mecânico geral', '2022-07-15', 3960, '120014965', 'Rua Monte Alegre, 33', 'Santa Teresa', 'RJ', 'Null', '9800-0001');
INSERT INTO `funcionarios` (`id_func`, `nome_func`, `cargo_func`, `data_contratacao`, `salario`, `cpf_func`, `endereco_func`, `bairro_func`, `estado_func`, `email_func`, `contato_func`) VALUES (3, 'Manuela Oliveira Lima Santos', 'auxiliar mecânico', '2022-01-05', 1970.25, '102300789', 'Largo do Corcovado, 25/102 fundos', 'Santa Teresa', 'RJ', 'manu7854@hotmail.com', '24681-3579');
INSERT INTO `funcionarios` (`id_func`, `nome_func`, `cargo_func`, `data_contratacao`, `salario`, `cpf_func`, `endereco_func`, `bairro_func`, `estado_func`, `email_func`,`contato_func`) VALUES (4, 'Guilherme Henrique Castro Rocha', 'motoboy', '2022-04-05', 1320, '985100447', 'Rua Barata Ribeiro, 32/605 fundos', 'Copacabana', 'RJ', 'Null', '99900-0099');
INSERT INTO `funcionarios` (`id_func`, `nome_func`, `cargo_func`, `data_contratacao`, `salario`, `cpf_func`, `endereco_func`, `bairro_func`, `estado_func`, `email_func`,`contato_func`) VALUES (5, 'Isabela Cristina Santos Souza', 'auxiliar adm', '2022-01-05', 1320.25, '987258963', 'Rua Almirante Alexandrino, 5', 'Santa Teresa', 'RJ', 'isa.cris@ibest.com.br', '88010-0188');
INSERT INTO `funcionarios` (`id_func`, `nome_func`, `cargo_func`, `data_contratacao`, `salario`, `cpf_func`, `endereco_func`, `bairro_func`, `estado_func`, `email_func`,`contato_func`) VALUES (6, 'Laura Vitória Nunes Martins', 'gerente', '2022-01-05', 3960.25, '556801102', 'Rua Voluntários da Pátria 10/204', 'Botafogo', 'RJ', 'laura_vit@gmail.com', '77582-4622');

-- Carga de Dados para a tabela Tabela Carros
INSERT INTO `carros`(`id_carro`, `id_veiculo_carro`, `refrigeracao`, `volume`, `vidro_eletrico`, `carroceria`) VALUES ( 1, 2, True, '310 a 310', False, 'Hatch');
INSERT INTO `carros`(`id_carro`, `id_veiculo_carro`, `refrigeracao`, `volume`, `vidro_eletrico`, `carroceria`) VALUES ( 3, 3, True, '280 a 300', True, 'Hatch');
INSERT INTO `carros`(`id_carro`, `id_veiculo_carro`, `refrigeracao`, `volume`, `vidro_eletrico`, `carroceria`) VALUES ( 4, 4, True, '525 a 525', False, 'Hatch');
INSERT INTO `carros`(`id_carro`, `id_veiculo_carro`, `refrigeracao`, `volume`, `vidro_eletrico`, `carroceria`) VALUES ( 5, 5, False, '290 a 1.100', False, 'Hatch');
INSERT INTO `carros`(`id_carro`, `id_veiculo_carro`, `refrigeracao`, `volume`, `vidro_eletrico`, `carroceria`) VALUES ( 6, 6, True, '300 a 300', True, 'Hatch');
INSERT INTO `carros`(`id_carro`, `id_veiculo_carro`, `refrigeracao`, `volume`, `vidro_eletrico`, `carroceria`) VALUES ( 7, 7, True, '285 a 285', True, 'Hatch');
INSERT INTO `carros`(`id_carro`, `id_veiculo_carro`, `refrigeracao`, `volume`, `vidro_eletrico`, `carroceria`) VALUES ( 8, 8, True, '215 a 235', False, 'Hatch');
INSERT INTO `carros`(`id_carro`, `id_veiculo_carro`, `refrigeracao`, `volume`, `vidro_eletrico`, `carroceria`) VALUES ( 9, 9, True, '469 a 469', False, 'Hatch');
INSERT INTO `carros`(`id_carro`, `id_veiculo_carro`, `refrigeracao`, `volume`, `vidro_eletrico`, `carroceria`) VALUES ( 10, 10, False, '275 a 406', False, 'Hatch');
INSERT INTO `carros`(`id_carro`, `id_veiculo_carro`, `refrigeracao`, `volume`, `vidro_eletrico`, `carroceria`) VALUES ( 11, 11, True, '300 a 285', False, 'Hatch');
INSERT INTO `carros`(`id_carro`, `id_veiculo_carro`, `refrigeracao`, `volume`, `vidro_eletrico`, `carroceria`) VALUES ( 12, 12, True, '300 a 351', False, 'Hatch');
INSERT INTO `carros`(`id_carro`, `id_veiculo_carro`, `refrigeracao`, `volume`, `vidro_eletrico`, `carroceria`) VALUES ( 13, 13, False, 'Não especificado', False, 'Hatch');
INSERT INTO `carros`(`id_carro`, `id_veiculo_carro`, `refrigeracao`, `volume`, `vidro_eletrico`, `carroceria`) VALUES ( 14, 14, True, '311 a 311', True, 'Hatch');
INSERT INTO `carros`(`id_carro`, `id_veiculo_carro`, `refrigeracao`, `volume`, `vidro_eletrico`, `carroceria`) VALUES ( 15, 15, False, '257 a 445', False, 'Hatch');
INSERT INTO `carros`(`id_carro`, `id_veiculo_carro`, `refrigeracao`, `volume`, `vidro_eletrico`, `carroceria`) VALUES ( 16, 16, False, '316 a 316', False, 'Hatch');
INSERT INTO `carros`(`id_carro`, `id_veiculo_carro`, `refrigeracao`, `volume`, `vidro_eletrico`, `carroceria`) VALUES ( 17, 17, True, '310 a 310', True, 'Hatch');
INSERT INTO `carros`(`id_carro`, `id_veiculo_carro`, `refrigeracao`, `volume`, `vidro_eletrico`, `carroceria`) VALUES ( 18, 18, True, '280 a 300', False, 'Hatch');
INSERT INTO `carros`(`id_carro`, `id_veiculo_carro`, `refrigeracao`, `volume`, `vidro_eletrico`, `carroceria`) VALUES ( 19, 19, True, '285 a 285', True, 'Hatch');
INSERT INTO `carros`(`id_carro`, `id_veiculo_carro`, `refrigeracao`, `volume`, `vidro_eletrico`, `carroceria`) VALUES ( 20, 20, False, '290 a 1.100', True, 'Hatch');
INSERT INTO `carros`(`id_carro`, `id_veiculo_carro`, `refrigeracao`, `volume`, `vidro_eletrico`, `carroceria`) VALUES ( 21, 21, True, '300 a 300', False, 'Hatch');
INSERT INTO `carros`(`id_carro`, `id_veiculo_carro`, `refrigeracao`, `volume`, `vidro_eletrico`, `carroceria`) VALUES ( 22, 22, True, '285 a 285', False, 'Sedan');
INSERT INTO `carros`(`id_carro`, `id_veiculo_carro`, `refrigeracao`, `volume`, `vidro_eletrico`, `carroceria`) VALUES ( 23, 23, False, '428 a 428 ', True, 'Sedan');

-- Carga de Dados para a Tabela Motos
INSERT INTO `motos` (`id_moto`, `id_veiculo_moto`, `tipo_moto`, `cilindrada`, `transmissao`, `freios_sistema`, `marchas`) VALUES (1, 24, 'esportiva', '125cc', 'semi-automatica', 'A Tambor', 4);
INSERT INTO `motos` (`id_moto`, `id_veiculo_moto`, `tipo_moto`, `cilindrada`, `transmissao`, `freios_sistema`, `marchas`) VALUES (2, 25, 'esportiva', '665cc', 'Manual', 'a Disco', 6);
INSERT INTO `motos` (`id_moto`, `id_veiculo_moto`, `tipo_moto`, `cilindrada`, `transmissao`, `freios_sistema`, `marchas`) VALUES (3, 26, 'esportiva', '249cc', 'Manual', 'a Disco', 5);
INSERT INTO `motos` (`id_moto`, `id_veiculo_moto`, `tipo_moto`, `cilindrada`, `transmissao`, `freios_sistema`, `marchas`) VALUES (4, 27, 'esportiva', '160cc', 'Manual', 'a Disco', 5);
INSERT INTO `motos` (`id_moto`, `id_veiculo_moto`, `tipo_moto`, `cilindrada`, `transmissao`, `freios_sistema`, `marchas`) VALUES (5, 28, 'esportiva', '110cc', 'semi-automatica', 'A Tambor', 5);
INSERT INTO `motos` (`id_moto`, `id_veiculo_moto`, `tipo_moto`, `cilindrada`, `transmissao`, `freios_sistema`, `marchas`) VALUES (6, 29, 'esportiva', '296cc', 'Manual', 'a Disco', 6);
INSERT INTO `motos` (`id_moto`, `id_veiculo_moto`, `tipo_moto`, `cilindrada`, `transmissao`, `freios_sistema`, `marchas`) VALUES (7, 30, 'esportiva', '123cc', 'Manual', 'a Disco', 6);

-- Carga de Dados para a tabela Compras
INSERT INTO `compras` (`id_compra`, `id_peca_comprada`, `id_fornecedor`, `data_compra`, `quantidade_peca_comprada`, `valor_unit_peca`, `total_compra_peca`) VALUES (1, 1, 1, '2022-07-06', 3, '1854.00', '5562.00');
INSERT INTO `compras` (`id_compra`, `id_peca_comprada`, `id_fornecedor`, `data_compra`, `quantidade_peca_comprada`, `valor_unit_peca`, `total_compra_peca`) VALUES (2, 2, 1, '2022-04-30', 1, '890.00', '890.00');
INSERT INTO `compras` (`id_compra`, `id_peca_comprada`, `id_fornecedor`, `data_compra`, `quantidade_peca_comprada`, `valor_unit_peca`, `total_compra_peca`) VALUES (3, 3, 2, '2022-05-11', 2, '1861.00', '3722.00');
INSERT INTO `compras` (`id_compra`, `id_peca_comprada`, `id_fornecedor`, `data_compra`, `quantidade_peca_comprada`, `valor_unit_peca`, `total_compra_peca`) VALUES (4, 4, 1, '2022-06-15', 4, '925.00', '3700.00');
INSERT INTO `compras` (`id_compra`, `id_peca_comprada`, `id_fornecedor`, `data_compra`, `quantidade_peca_comprada`, `valor_unit_peca`, `total_compra_peca`) VALUES (5, 5, 4, '2022-06-21', 1, '3244.00', '3244.00');
INSERT INTO `compras` (`id_compra`, `id_peca_comprada`, `id_fornecedor`, `data_compra`, `quantidade_peca_comprada`, `valor_unit_peca`, `total_compra_peca`) VALUES (6, 6, 4, '2022-02-05', 4, '3090.00', '12360.00');
INSERT INTO `compras` (`id_compra`, `id_peca_comprada`, `id_fornecedor`, `data_compra`, `quantidade_peca_comprada`, `valor_unit_peca`, `total_compra_peca`) VALUES (7, 7, 2, '2022-03-20', 4, '1860.00', '7440.00');
INSERT INTO `compras` (`id_compra`, `id_peca_comprada`, `id_fornecedor`, `data_compra`, `quantidade_peca_comprada`, `valor_unit_peca`, `total_compra_peca`) VALUES (8, 8, 2, '2022-03-24', 4, '3381.00', '13524.00');
INSERT INTO `compras` (`id_compra`, `id_peca_comprada`, `id_fornecedor`, `data_compra`, `quantidade_peca_comprada`, `valor_unit_peca`, `total_compra_peca`) VALUES (9, 9, 4, '2022-02-17', 1, '4224.00', '4224.00');
INSERT INTO `compras` (`id_compra`, `id_peca_comprada`, `id_fornecedor`, `data_compra`, `quantidade_peca_comprada`, `valor_unit_peca`, `total_compra_peca`) VALUES (10, 10, 5, '2022-02-13', 2, '1398.00', '2796.00');
INSERT INTO `compras` (`id_compra`, `id_peca_comprada`, `id_fornecedor`, `data_compra`, `quantidade_peca_comprada`, `valor_unit_peca`, `total_compra_peca`) VALUES (11, 11, 1, '2022-07-02', 3, '3803.00', '11409.00');
INSERT INTO `compras` (`id_compra`, `id_peca_comprada`, `id_fornecedor`, `data_compra`, `quantidade_peca_comprada`, `valor_unit_peca`, `total_compra_peca`) VALUES (12, 12, 5, '2022-04-03', 5, '947.00', '4735.00');
INSERT INTO `compras` (`id_compra`, `id_peca_comprada`, `id_fornecedor`, `data_compra`, `quantidade_peca_comprada`, `valor_unit_peca`, `total_compra_peca`) VALUES (13, 13, 1, '2022-05-19', 3, '1713.00', '5139.00');
INSERT INTO `compras` (`id_compra`, `id_peca_comprada`, `id_fornecedor`, `data_compra`, `quantidade_peca_comprada`, `valor_unit_peca`, `total_compra_peca`) VALUES (14, 14, 3, '2022-02-21', 5, '726.00', '3630.00');
INSERT INTO `compras` (`id_compra`, `id_peca_comprada`, `id_fornecedor`, `data_compra`, `quantidade_peca_comprada`, `valor_unit_peca`, `total_compra_peca`) VALUES (15, 15, 4, '2022-06-24', 5, '2213.00', '11065.00');
INSERT INTO `compras` (`id_compra`, `id_peca_comprada`, `id_fornecedor`, `data_compra`, `quantidade_peca_comprada`, `valor_unit_peca`, `total_compra_peca`) VALUES (16, 16, 2, '2022-03-16', 3, '4219.00', '12657.00');
INSERT INTO `compras` (`id_compra`, `id_peca_comprada`, `id_fornecedor`, `data_compra`, `quantidade_peca_comprada`, `valor_unit_peca`, `total_compra_peca`) VALUES (17, 17, 3, '2022-06-12', 4, '3973.00', '15892.00');
INSERT INTO `compras` (`id_compra`, `id_peca_comprada`, `id_fornecedor`, `data_compra`, `quantidade_peca_comprada`, `valor_unit_peca`, `total_compra_peca`) VALUES (18, 18, 1, '2022-02-03', 5, '4418.00', '22090.00');
INSERT INTO `compras` (`id_compra`, `id_peca_comprada`, `id_fornecedor`, `data_compra`, `quantidade_peca_comprada`, `valor_unit_peca`, `total_compra_peca`) VALUES (19, 19, 5, '2022-06-25', 5, '3245.00', '16225.00');
INSERT INTO `compras` (`id_compra`, `id_peca_comprada`, `id_fornecedor`, `data_compra`, `quantidade_peca_comprada`, `valor_unit_peca`, `total_compra_peca`) VALUES (20, 20, 2, '2022-04-10', 4, '2891.00', '11564.00');
INSERT INTO `compras` (`id_compra`, `id_peca_comprada`, `id_fornecedor`, `data_compra`, `quantidade_peca_comprada`, `valor_unit_peca`, `total_compra_peca`) VALUES (21, 21, 5, '2022-04-03', 5, '1928.00', '9640.00');
INSERT INTO `compras` (`id_compra`, `id_peca_comprada`, `id_fornecedor`, `data_compra`, `quantidade_peca_comprada`, `valor_unit_peca`, `total_compra_peca`) VALUES (22, 22, 1, '2022-02-21', 2, '2562.00', '5124.00');
INSERT INTO `compras` (`id_compra`, `id_peca_comprada`, `id_fornecedor`, `data_compra`, `quantidade_peca_comprada`, `valor_unit_peca`, `total_compra_peca`) VALUES (23, 23, 5, '2022-05-15', 4, '1307.00', '5228.00');
INSERT INTO `compras` (`id_compra`, `id_peca_comprada`, `id_fornecedor`, `data_compra`, `quantidade_peca_comprada`, `valor_unit_peca`, `total_compra_peca`) VALUES (24, 24, 5, '2022-02-22', 1, '479.00', '479.00');
INSERT INTO `compras` (`id_compra`, `id_peca_comprada`, `id_fornecedor`, `data_compra`, `quantidade_peca_comprada`, `valor_unit_peca`, `total_compra_peca`) VALUES (25, 25, 3, '2022-05-09', 1, '4150.00', '4150.00');
INSERT INTO `compras` (`id_compra`, `id_peca_comprada`, `id_fornecedor`, `data_compra`, `quantidade_peca_comprada`, `valor_unit_peca`, `total_compra_peca`) VALUES (26, 26, 1, '2022-02-08', 1, '2898.00', '2898.00');
INSERT INTO `compras` (`id_compra`, `id_peca_comprada`, `id_fornecedor`, `data_compra`, `quantidade_peca_comprada`, `valor_unit_peca`, `total_compra_peca`) VALUES (27, 27, 2, '2022-03-24', 2, '1511.00', '3022.00');
INSERT INTO `compras` (`id_compra`, `id_peca_comprada`, `id_fornecedor`, `data_compra`, `quantidade_peca_comprada`, `valor_unit_peca`, `total_compra_peca`) VALUES (28, 28, 2, '2022-07-01', 3, '3333.00', '9999.00');
INSERT INTO `compras` (`id_compra`, `id_peca_comprada`, `id_fornecedor`, `data_compra`, `quantidade_peca_comprada`, `valor_unit_peca`, `total_compra_peca`) VALUES (29, 29, 1, '2022-07-31', 4, '4198.00', '16792.00');
INSERT INTO `compras` (`id_compra`, `id_peca_comprada`, `id_fornecedor`, `data_compra`, `quantidade_peca_comprada`, `valor_unit_peca`, `total_compra_peca`) VALUES (30, 30, 1, '2022-06-01', 3, '2543.00', '7629.00');
INSERT INTO `compras` (`id_compra`, `id_peca_comprada`, `id_fornecedor`, `data_compra`, `quantidade_peca_comprada`, `valor_unit_peca`, `total_compra_peca`) VALUES (31, 31, 3, '2022-02-21', 4, '3117.00', '12468.00');
INSERT INTO `compras` (`id_compra`, `id_peca_comprada`, `id_fornecedor`, `data_compra`, `quantidade_peca_comprada`, `valor_unit_peca`, `total_compra_peca`) VALUES (32, 32, 3, '2022-04-20', 2, '434.00', '868.00');
INSERT INTO `compras` (`id_compra`, `id_peca_comprada`, `id_fornecedor`, `data_compra`, `quantidade_peca_comprada`, `valor_unit_peca`, `total_compra_peca`) VALUES (33, 33, 1, '2022-05-08', 3, '4428.00', '13284.00');
INSERT INTO `compras` (`id_compra`, `id_peca_comprada`, `id_fornecedor`, `data_compra`, `quantidade_peca_comprada`, `valor_unit_peca`, `total_compra_peca`) VALUES (34, 34, 2, '2022-07-16', 5, '3819.00', '19095.00');
INSERT INTO `compras` (`id_compra`, `id_peca_comprada`, `id_fornecedor`, `data_compra`, `quantidade_peca_comprada`, `valor_unit_peca`, `total_compra_peca`) VALUES (35, 35, 5, '2022-04-20', 2, '4003.00', '8006.00');
INSERT INTO `compras` (`id_compra`, `id_peca_comprada`, `id_fornecedor`, `data_compra`, `quantidade_peca_comprada`, `valor_unit_peca`, `total_compra_peca`) VALUES (36, 36, 3, '2022-06-12', 4, '2538.00', '10152.00');
INSERT INTO `compras` (`id_compra`, `id_peca_comprada`, `id_fornecedor`, `data_compra`, `quantidade_peca_comprada`, `valor_unit_peca`, `total_compra_peca`) VALUES (37, 37, 3, '2022-04-09', 4, '1280.00', '5120.00');
INSERT INTO `compras` (`id_compra`, `id_peca_comprada`, `id_fornecedor`, `data_compra`, `quantidade_peca_comprada`, `valor_unit_peca`, `total_compra_peca`) VALUES (38, 38, 5, '2022-03-30', 2, '416.00', '832.00');
INSERT INTO `compras` (`id_compra`, `id_peca_comprada`, `id_fornecedor`, `data_compra`, `quantidade_peca_comprada`, `valor_unit_peca`, `total_compra_peca`) VALUES (39, 39, 3, '2022-04-10', 1, '961.00', '961.00');
INSERT INTO `compras` (`id_compra`, `id_peca_comprada`, `id_fornecedor`, `data_compra`, `quantidade_peca_comprada`, `valor_unit_peca`, `total_compra_peca`) VALUES (40, 40, 4, '2022-02-05', 4, '2467.00', '9868.00');
INSERT INTO `compras` (`id_compra`, `id_peca_comprada`, `id_fornecedor`, `data_compra`, `quantidade_peca_comprada`, `valor_unit_peca`, `total_compra_peca`) VALUES (41, 41, 1, '2022-02-20', 1, '3444.00', '3444.00');
INSERT INTO `compras` (`id_compra`, `id_peca_comprada`, `id_fornecedor`, `data_compra`, `quantidade_peca_comprada`, `valor_unit_peca`, `total_compra_peca`) VALUES (42, 42, 2, '2022-03-23', 4, '974.00', '3896.00');
INSERT INTO `compras` (`id_compra`, `id_peca_comprada`, `id_fornecedor`, `data_compra`, `quantidade_peca_comprada`, `valor_unit_peca`, `total_compra_peca`) VALUES (43, 43, 1, '2022-07-28', 3, '1133.00', '3399.00');
INSERT INTO `compras` (`id_compra`, `id_peca_comprada`, `id_fornecedor`, `data_compra`, `quantidade_peca_comprada`, `valor_unit_peca`, `total_compra_peca`) VALUES (44, 44, 1, '2022-06-24', 2, '616.00', '1232.00');
INSERT INTO `compras` (`id_compra`, `id_peca_comprada`, `id_fornecedor`, `data_compra`, `quantidade_peca_comprada`, `valor_unit_peca`, `total_compra_peca`) VALUES (45, 45, 2, '2022-06-23', 1, '2013.00', '2013.00');
INSERT INTO `compras` (`id_compra`, `id_peca_comprada`, `id_fornecedor`, `data_compra`, `quantidade_peca_comprada`, `valor_unit_peca`, `total_compra_peca`) VALUES (46, 46, 4, '2022-06-12', 2, '2165.00', '4330.00');
INSERT INTO `compras` (`id_compra`, `id_peca_comprada`, `id_fornecedor`, `data_compra`, `quantidade_peca_comprada`, `valor_unit_peca`, `total_compra_peca`) VALUES (47, 47, 5, '2022-02-27', 4, '2923.00', '11692.00');
INSERT INTO `compras` (`id_compra`, `id_peca_comprada`, `id_fornecedor`, `data_compra`, `quantidade_peca_comprada`, `valor_unit_peca`, `total_compra_peca`) VALUES (48, 48, 3, '2022-02-16', 4, '3183.00', '12732.00');
INSERT INTO `compras` (`id_compra`, `id_peca_comprada`, `id_fornecedor`, `data_compra`, `quantidade_peca_comprada`, `valor_unit_peca`, `total_compra_peca`) VALUES (49, 49, 4, '2022-05-06', 4, '4282.00', '17128.00');
INSERT INTO `compras` (`id_compra`, `id_peca_comprada`, `id_fornecedor`, `data_compra`, `quantidade_peca_comprada`, `valor_unit_peca`, `total_compra_peca`) VALUES (50, 50, 3, '2022-05-24', 5, '1711.00', '8555.00');
INSERT INTO `compras` (`id_compra`, `id_peca_comprada`, `id_fornecedor`, `data_compra`, `quantidade_peca_comprada`, `valor_unit_peca`, `total_compra_peca`) VALUES (51, 51, 4, '2022-06-23', 2, '3077.00', '6154.00');
INSERT INTO `compras` (`id_compra`, `id_peca_comprada`, `id_fornecedor`, `data_compra`, `quantidade_peca_comprada`, `valor_unit_peca`, `total_compra_peca`) VALUES (52, 52, 2, '2022-04-15', 1, '858.00', '858.00');
INSERT INTO `compras` (`id_compra`, `id_peca_comprada`, `id_fornecedor`, `data_compra`, `quantidade_peca_comprada`, `valor_unit_peca`, `total_compra_peca`) VALUES (53, 53, 5, '2022-04-10', 2, '936.00', '1872.00');
INSERT INTO `compras` (`id_compra`, `id_peca_comprada`, `id_fornecedor`, `data_compra`, `quantidade_peca_comprada`, `valor_unit_peca`, `total_compra_peca`) VALUES (54, 54, 1, '2022-04-21', 4, '2206.00', '8824.00');
INSERT INTO `compras` (`id_compra`, `id_peca_comprada`, `id_fornecedor`, `data_compra`, `quantidade_peca_comprada`, `valor_unit_peca`, `total_compra_peca`) VALUES (55, 55, 5, '2022-07-14', 4, '2226.00', '8904.00');
INSERT INTO `compras` (`id_compra`, `id_peca_comprada`, `id_fornecedor`, `data_compra`, `quantidade_peca_comprada`, `valor_unit_peca`, `total_compra_peca`) VALUES (56, 56, 5, '2022-07-04', 1, '625.00', '625.00');
INSERT INTO `compras` (`id_compra`, `id_peca_comprada`, `id_fornecedor`, `data_compra`, `quantidade_peca_comprada`, `valor_unit_peca`, `total_compra_peca`) VALUES (57, 57, 3, '2022-07-24', 2, '3509.00', '7018.00');
INSERT INTO `compras` (`id_compra`, `id_peca_comprada`, `id_fornecedor`, `data_compra`, `quantidade_peca_comprada`, `valor_unit_peca`, `total_compra_peca`) VALUES (58, 58, 3, '2022-04-10', 2, '3773.00', '7546.00');
INSERT INTO `compras` (`id_compra`, `id_peca_comprada`, `id_fornecedor`, `data_compra`, `quantidade_peca_comprada`, `valor_unit_peca`, `total_compra_peca`) VALUES (59, 59, 4, '2022-04-11', 5, '4085.00', '20425.00');
INSERT INTO `compras` (`id_compra`, `id_peca_comprada`, `id_fornecedor`, `data_compra`, `quantidade_peca_comprada`, `valor_unit_peca`, `total_compra_peca`) VALUES (60, 60, 3, '2022-07-30', 5, '1317.00', '6585.00');
INSERT INTO `compras` (`id_compra`, `id_peca_comprada`, `id_fornecedor`, `data_compra`, `quantidade_peca_comprada`, `valor_unit_peca`, `total_compra_peca`) VALUES (61, 61, 2, '2022-06-20', 3, '4290.00', '12870.00');
INSERT INTO `compras` (`id_compra`, `id_peca_comprada`, `id_fornecedor`, `data_compra`, `quantidade_peca_comprada`, `valor_unit_peca`, `total_compra_peca`) VALUES (62, 62, 1, '2022-03-23', 3, '2305.00', '6915.00');
INSERT INTO `compras` (`id_compra`, `id_peca_comprada`, `id_fornecedor`, `data_compra`, `quantidade_peca_comprada`, `valor_unit_peca`, `total_compra_peca`) VALUES (63, 63, 2, '2022-05-10', 4, '2879.00', '11516.00');
INSERT INTO `compras` (`id_compra`, `id_peca_comprada`, `id_fornecedor`, `data_compra`, `quantidade_peca_comprada`, `valor_unit_peca`, `total_compra_peca`) VALUES (64, 64, 3, '2022-07-25', 3, '813.00', '2439.00');
INSERT INTO `compras` (`id_compra`, `id_peca_comprada`, `id_fornecedor`, `data_compra`, `quantidade_peca_comprada`, `valor_unit_peca`, `total_compra_peca`) VALUES (65, 65, 5, '2022-03-29', 2, '276.00', '552.00');
INSERT INTO `compras` (`id_compra`, `id_peca_comprada`, `id_fornecedor`, `data_compra`, `quantidade_peca_comprada`, `valor_unit_peca`, `total_compra_peca`) VALUES (66, 66, 5, '2022-07-06', 2, '3671.00', '7342.00');
INSERT INTO `compras` (`id_compra`, `id_peca_comprada`, `id_fornecedor`, `data_compra`, `quantidade_peca_comprada`, `valor_unit_peca`, `total_compra_peca`) VALUES (67, 67, 5, '2022-07-28', 3, '2029.00', '6087.00');
INSERT INTO `compras` (`id_compra`, `id_peca_comprada`, `id_fornecedor`, `data_compra`, `quantidade_peca_comprada`, `valor_unit_peca`, `total_compra_peca`) VALUES (68, 68, 4, '2022-02-11', 3, '1826.00', '5478.00');
INSERT INTO `compras` (`id_compra`, `id_peca_comprada`, `id_fornecedor`, `data_compra`, `quantidade_peca_comprada`, `valor_unit_peca`, `total_compra_peca`) VALUES (69, 69, 2, '2022-05-14', 3, '3041.00', '9123.00');
INSERT INTO `compras` (`id_compra`, `id_peca_comprada`, `id_fornecedor`, `data_compra`, `quantidade_peca_comprada`, `valor_unit_peca`, `total_compra_peca`) VALUES (70, 70, 3, '2022-02-27', 1, '806.00', '806.00');
INSERT INTO `compras` (`id_compra`, `id_peca_comprada`, `id_fornecedor`, `data_compra`, `quantidade_peca_comprada`, `valor_unit_peca`, `total_compra_peca`) VALUES (71, 71, 1, '2022-03-10', 5, '4459.00', '22295.00');
INSERT INTO `compras` (`id_compra`, `id_peca_comprada`, `id_fornecedor`, `data_compra`, `quantidade_peca_comprada`, `valor_unit_peca`, `total_compra_peca`) VALUES (72, 65, 4, '2022-02-11', 3, '429.00', '1287.00');
INSERT INTO `compras` (`id_compra`, `id_peca_comprada`, `id_fornecedor`, `data_compra`, `quantidade_peca_comprada`, `valor_unit_peca`, `total_compra_peca`) VALUES (73, 20, 2, '2022-06-29', 4, '1263.00', '5052.00');
INSERT INTO `compras` (`id_compra`, `id_peca_comprada`, `id_fornecedor`, `data_compra`, `quantidade_peca_comprada`, `valor_unit_peca`, `total_compra_peca`) VALUES (74, 57, 1, '2022-07-10', 2, '1894.00', '3788.00');
INSERT INTO `compras` (`id_compra`, `id_peca_comprada`, `id_fornecedor`, `data_compra`, `quantidade_peca_comprada`, `valor_unit_peca`, `total_compra_peca`) VALUES (75, 59, 3, '2022-07-23', 3, '2809.00', '8427.00');
INSERT INTO `compras` (`id_compra`, `id_peca_comprada`, `id_fornecedor`, `data_compra`, `quantidade_peca_comprada`, `valor_unit_peca`, `total_compra_peca`) VALUES (76, 63, 4, '2022-06-08', 2, '1210.00', '2420.00');
INSERT INTO `compras` (`id_compra`, `id_peca_comprada`, `id_fornecedor`, `data_compra`, `quantidade_peca_comprada`, `valor_unit_peca`, `total_compra_peca`) VALUES (77, 53, 3, '2022-05-09', 3, '2743.00', '8229.00');
INSERT INTO `compras` (`id_compra`, `id_peca_comprada`, `id_fornecedor`, `data_compra`, `quantidade_peca_comprada`, `valor_unit_peca`, `total_compra_peca`) VALUES (78, 50, 2, '2022-02-09', 1, '1688.00', '1688.00');
INSERT INTO `compras` (`id_compra`, `id_peca_comprada`, `id_fornecedor`, `data_compra`, `quantidade_peca_comprada`, `valor_unit_peca`, `total_compra_peca`) VALUES (79, 16, 1, '2022-06-28', 1, '4037.00', '4037.00');
INSERT INTO `compras` (`id_compra`, `id_peca_comprada`, `id_fornecedor`, `data_compra`, `quantidade_peca_comprada`, `valor_unit_peca`, `total_compra_peca`) VALUES (80, 66, 4, '2022-07-22', 5, '2867.00', '14335.00');
INSERT INTO `compras` (`id_compra`, `id_peca_comprada`, `id_fornecedor`, `data_compra`, `quantidade_peca_comprada`, `valor_unit_peca`, `total_compra_peca`) VALUES (81, 68, 3, '2022-07-27', 5, '3945.00', '19725.00');
INSERT INTO `compras` (`id_compra`, `id_peca_comprada`, `id_fornecedor`, `data_compra`, `quantidade_peca_comprada`, `valor_unit_peca`, `total_compra_peca`) VALUES (82, 21, 2, '2022-04-26', 5, '2883.00', '14415.00');
INSERT INTO `compras` (`id_compra`, `id_peca_comprada`, `id_fornecedor`, `data_compra`, `quantidade_peca_comprada`, `valor_unit_peca`, `total_compra_peca`) VALUES (83, 49, 5, '2022-06-12', 3, '2839.00', '8517.00');
INSERT INTO `compras` (`id_compra`, `id_peca_comprada`, `id_fornecedor`, `data_compra`, `quantidade_peca_comprada`, `valor_unit_peca`, `total_compra_peca`) VALUES (84, 45, 1, '2022-05-13', 5, '4461.00', '22305.00');
INSERT INTO `compras` (`id_compra`, `id_peca_comprada`, `id_fornecedor`, `data_compra`, `quantidade_peca_comprada`, `valor_unit_peca`, `total_compra_peca`) VALUES (85, 62, 1, '2022-02-09', 2, '456.00', '912.00');
INSERT INTO `compras` (`id_compra`, `id_peca_comprada`, `id_fornecedor`, `data_compra`, `quantidade_peca_comprada`, `valor_unit_peca`, `total_compra_peca`) VALUES (86, 61, 2, '2022-05-21', 3, '1392.00', '4176.00');
INSERT INTO `compras` (`id_compra`, `id_peca_comprada`, `id_fornecedor`, `data_compra`, `quantidade_peca_comprada`, `valor_unit_peca`, `total_compra_peca`) VALUES (87, 14, 4, '2022-04-22', 4, '3248.00', '12992.00');
INSERT INTO `compras` (`id_compra`, `id_peca_comprada`, `id_fornecedor`, `data_compra`, `quantidade_peca_comprada`, `valor_unit_peca`, `total_compra_peca`) VALUES (88, 57, 5, '2022-05-15', 1, '2507.00', '2507.00');
INSERT INTO `compras` (`id_compra`, `id_peca_comprada`, `id_fornecedor`, `data_compra`, `quantidade_peca_comprada`, `valor_unit_peca`, `total_compra_peca`) VALUES (89, 38, 4, '2022-03-18', 5, '2004.00', '10020.00');
INSERT INTO `compras` (`id_compra`, `id_peca_comprada`, `id_fornecedor`, `data_compra`, `quantidade_peca_comprada`, `valor_unit_peca`, `total_compra_peca`) VALUES (90, 69, 3, '2022-05-29', 3, '1792.00', '5376.00');
INSERT INTO `compras` (`id_compra`, `id_peca_comprada`, `id_fornecedor`, `data_compra`, `quantidade_peca_comprada`, `valor_unit_peca`, `total_compra_peca`) VALUES (91, 28, 5, '2022-06-12', 1, '1904.00', '1904.00');
INSERT INTO `compras` (`id_compra`, `id_peca_comprada`, `id_fornecedor`, `data_compra`, `quantidade_peca_comprada`, `valor_unit_peca`, `total_compra_peca`) VALUES (92, 61, 3, '2022-02-25', 5, '544.00', '2720.00');
INSERT INTO `compras` (`id_compra`, `id_peca_comprada`, `id_fornecedor`, `data_compra`, `quantidade_peca_comprada`, `valor_unit_peca`, `total_compra_peca`) VALUES (93, 62, 1, '2022-04-20', 3, '4575.00', '13725.00');
INSERT INTO `compras` (`id_compra`, `id_peca_comprada`, `id_fornecedor`, `data_compra`, `quantidade_peca_comprada`, `valor_unit_peca`, `total_compra_peca`) VALUES (94, 44, 4, '2022-02-24', 4, '795.00', '3180.00');
INSERT INTO `compras` (`id_compra`, `id_peca_comprada`, `id_fornecedor`, `data_compra`, `quantidade_peca_comprada`, `valor_unit_peca`, `total_compra_peca`) VALUES (95, 43, 1, '2022-03-02', 2, '4232.00', '8464.00');
INSERT INTO `compras` (`id_compra`, `id_peca_comprada`, `id_fornecedor`, `data_compra`, `quantidade_peca_comprada`, `valor_unit_peca`, `total_compra_peca`) VALUES (96, 64, 4, '2022-06-03', 5, '3429.00', '17145.00');
INSERT INTO `compras` (`id_compra`, `id_peca_comprada`, `id_fornecedor`, `data_compra`, `quantidade_peca_comprada`, `valor_unit_peca`, `total_compra_peca`) VALUES (97, 16, 4, '2022-07-02', 5, '2540.00', '12700.00');
INSERT INTO `compras` (`id_compra`, `id_peca_comprada`, `id_fornecedor`, `data_compra`, `quantidade_peca_comprada`, `valor_unit_peca`, `total_compra_peca`) VALUES (98, 29, 3, '2022-04-28', 1, '345.00', '345.00');
INSERT INTO `compras` (`id_compra`, `id_peca_comprada`, `id_fornecedor`, `data_compra`, `quantidade_peca_comprada`, `valor_unit_peca`, `total_compra_peca`) VALUES (99, 8, 2, '2022-03-10', 4, '314.00', '1256.00');
INSERT INTO `compras` (`id_compra`, `id_peca_comprada`, `id_fornecedor`, `data_compra`, `quantidade_peca_comprada`, `valor_unit_peca`, `total_compra_peca`) VALUES (100, 31, 5, '2022-02-22', 4, '740.00', '2960.00');

-- Carga de Dados para a tabela def-Serviços
INSERT INTO `def_servicos` (`id_servico`, `id_funcionario`,  `descricao_servico`, `valor_servico`) VALUES (1, 3, 'Trocas de óleo ', 646.00);
INSERT INTO `def_servicos` (`id_servico`, `id_funcionario`,  `descricao_servico`, `valor_servico`) VALUES (2, 3, 'Trocas de filtros', 1631.00);
INSERT INTO `def_servicos` (`id_servico`, `id_funcionario`,  `descricao_servico`, `valor_servico`) VALUES (3, 3, 'Trocas de velas ', 893.00);
INSERT INTO `def_servicos` (`id_servico`, `id_funcionario`,  `descricao_servico`, `valor_servico`) VALUES (4, 3, 'Trocas de correias ', 2425.00);
INSERT INTO `def_servicos` (`id_servico`, `id_funcionario`,  `descricao_servico`, `valor_servico`) VALUES (5, 5, 'Trocas de outros componentes', 2320.00);
INSERT INTO `def_servicos` (`id_servico`, `id_funcionario`,  `descricao_servico`, `valor_servico`) VALUES (6, 5, 'Diagnóstico e conserto de problemas mecânicos', 1072.00);
INSERT INTO `def_servicos` (`id_servico`, `id_funcionario`,  `descricao_servico`, `valor_servico`) VALUES (7, 3, 'Diagnóstico e conserto de falhas no motor', 2411.00);
INSERT INTO `def_servicos` (`id_servico`, `id_funcionario`,  `descricao_servico`, `valor_servico`) VALUES (8, 3, 'Diagnóstico e conserto de sistema de transmissão', 554.00);
INSERT INTO `def_servicos` (`id_servico`, `id_funcionario`,  `descricao_servico`, `valor_servico`) VALUES (9, 3, 'Diagnóstico e conserto da suspensão ', 875.00);
INSERT INTO `def_servicos` (`id_servico`, `id_funcionario`,  `descricao_servico`, `valor_servico`) VALUES (10, 5, 'Diagnóstico e conserto do sistema de freios', 1781.00);
INSERT INTO `def_servicos` (`id_servico`, `id_funcionario`,  `descricao_servico`, `valor_servico`) VALUES (11, 5, 'Diagnóstico e reparo de sistemas elétricos', 293.00);
INSERT INTO `def_servicos` (`id_servico`, `id_funcionario`,  `descricao_servico`, `valor_servico`) VALUES (12, 5, 'Diagnóstico e reparo de problemas com bateria', 1911.00);
INSERT INTO `def_servicos` (`id_servico`, `id_funcionario`,  `descricao_servico`, `valor_servico`) VALUES (13, 3, 'Diagnóstico e reparo do alternador', 2009.00);
INSERT INTO `def_servicos` (`id_servico`, `id_funcionario`,  `descricao_servico`, `valor_servico`) VALUES (14, 5, 'Diagnóstico e reparo do sistema de ignição', 1104.00);
INSERT INTO `def_servicos` (`id_servico`, `id_funcionario`,  `descricao_servico`, `valor_servico`) VALUES (15, 3, 'Troca de pneus', 638.00);
INSERT INTO `def_servicos` (`id_servico`, `id_funcionario`,  `descricao_servico`, `valor_servico`) VALUES (16, 3, 'Alinhamento e balanceamento de pneus', 1977.00);
INSERT INTO `def_servicos` (`id_servico`, `id_funcionario`,  `descricao_servico`, `valor_servico`) VALUES (17, 3, 'conserto de furos e desgastes.', 2095.00);
INSERT INTO `def_servicos` (`id_servico`, `id_funcionario`,  `descricao_servico`, `valor_servico`) VALUES (18, 3, 'Manutenção e recarga do sistema de ar condicionado', 1560.00);
INSERT INTO `def_servicos` (`id_servico`, `id_funcionario`,  `descricao_servico`, `valor_servico`) VALUES (19, 5, 'Troca e reparo de pastilhas', 679.00);
INSERT INTO `def_servicos` (`id_servico`, `id_funcionario`,  `descricao_servico`, `valor_servico`) VALUES (20, 5, 'Troca de discos de freio ', 918.00);
INSERT INTO `def_servicos` (`id_servico`, `id_funcionario`,  `descricao_servico`, `valor_servico`) VALUES (21, 3, 'outros componentes do sistema de freios', 996.00);
INSERT INTO `def_servicos` (`id_servico`, `id_funcionario`,  `descricao_servico`, `valor_servico`) VALUES (22, 3, 'Reparos de casos de amassados, ', 1528.00);
INSERT INTO `def_servicos` (`id_servico`, `id_funcionario`,  `descricao_servico`, `valor_servico`) VALUES (23, 5, 'Diminuir riscos ou danos na pintura', 1573.00);
INSERT INTO `def_servicos` (`id_servico`, `id_funcionario`,  `descricao_servico`, `valor_servico`) VALUES (24, 5, 'Polimento', 690.00);
INSERT INTO `def_servicos` (`id_servico`, `id_funcionario`,  `descricao_servico`, `valor_servico`) VALUES (25, 3, 'Lavagem do veiculo', 1093.00);
INSERT INTO `def_servicos` (`id_servico`, `id_funcionario`,  `descricao_servico`, `valor_servico`) VALUES (26, 5, 'Lavagem  a seco e limpeza interna', 532.00);
INSERT INTO `def_servicos` (`id_servico`, `id_funcionario`,  `descricao_servico`, `valor_servico`) VALUES (27, 5, 'Diagnóstico eletrônico de problemas no veículo', 1359.00);
INSERT INTO `def_servicos` (`id_servico`, `id_funcionario`,  `descricao_servico`, `valor_servico`) VALUES (28, 3, 'Reparos e trocas de fluido na transmissão', 1437.00);
INSERT INTO `def_servicos` (`id_servico`, `id_funcionario`,  `descricao_servico`, `valor_servico`) VALUES (29, 5, 'Inspeção da suspensão', 1165.00);
INSERT INTO `def_servicos` (`id_servico`, `id_funcionario`,  `descricao_servico`, `valor_servico`) VALUES (30, 3, 'Reparo de componentes da suspensão', 1796.00);
INSERT INTO `def_servicos` (`id_servico`, `id_funcionario`,  `descricao_servico`, `valor_servico`) VALUES (31, 5, 'Troca de Amortecedor', 784.00);
INSERT INTO `def_servicos` (`id_servico`, `id_funcionario`,  `descricao_servico`, `valor_servico`) VALUES (32, 3, 'Troca de Cabos Motos', 678.00);
INSERT INTO `def_servicos` (`id_servico`, `id_funcionario`,  `descricao_servico`, `valor_servico`) VALUES (33, 5, 'Retifica de Cubo de Freio', 1371.00);
INSERT INTO `def_servicos` (`id_servico`, `id_funcionario`,  `descricao_servico`, `valor_servico`) VALUES (34, 3, 'Troca de Lona de Freio ', 2226.00);
INSERT INTO `def_servicos` (`id_servico`, `id_funcionario`,  `descricao_servico`, `valor_servico`) VALUES (35, 3, 'Troca de Rolamentos Roda', 423.00);
INSERT INTO `def_servicos` (`id_servico`, `id_funcionario`,  `descricao_servico`, `valor_servico`) VALUES (36, 3, 'Troca de Disco de Freio', 888.00);
INSERT INTO `def_servicos` (`id_servico`, `id_funcionario`,  `descricao_servico`, `valor_servico`) VALUES (37, 5, 'Balanceamento Por Roda', 339.00);
INSERT INTO `def_servicos` (`id_servico`, `id_funcionario`,  `descricao_servico`, `valor_servico`) VALUES (38, 5, 'Troca de Escapamento', 1358.00);
INSERT INTO `def_servicos` (`id_servico`, `id_funcionario`,  `descricao_servico`, `valor_servico`) VALUES (39, 3, 'Troca de Câmara de Ar', 2198.00);
INSERT INTO `def_servicos` (`id_servico`, `id_funcionario`,  `descricao_servico`, `valor_servico`) VALUES (40, 3, 'Troca de Relação/Transmissão', 699.00);
INSERT INTO `def_servicos` (`id_servico`, `id_funcionario`,  `descricao_servico`, `valor_servico`) VALUES (41, 5, 'Troca de Óleo de Motor', 761.00);
INSERT INTO `def_servicos` (`id_servico`, `id_funcionario`,  `descricao_servico`, `valor_servico`) VALUES (42, 5, 'Troca de Pastilha', 1537.00);
INSERT INTO `def_servicos` (`id_servico`, `id_funcionario`,  `descricao_servico`, `valor_servico`) VALUES (43, 3, 'Instalação de Baú/Bauletos E Malas', 843.00);
INSERT INTO `def_servicos` (`id_servico`, `id_funcionario`,  `descricao_servico`, `valor_servico`) VALUES (44, 5, 'Instalação de Bagageiro/Suporte', 1555.00);
INSERT INTO `def_servicos` (`id_servico`, `id_funcionario`,  `descricao_servico`, `valor_servico`) VALUES (45, 3, 'Troca de Bateria', 489.00);

-- Carga de Dados para a tabela Serviços
INSERT INTO `servicos` (`id_pk_serico`, `id_servico`, `id_funcionario`, `id_peca_servico`, `id_veiculo_servico`,  `status_servico`, `abertura_data_servico`,  `fechamento_data_servico`) VALUES (1, 1, 3, 52, 7, 'Aguardando Peças', '2023-02-25', Null);
INSERT INTO `servicos` (`id_pk_serico`, `id_servico`, `id_funcionario`, `id_peca_servico`,  `id_veiculo_servico`,  `status_servico`, `abertura_data_servico`, `fechamento_data_servico`) VALUES (2, 2, 3, 56, 1, 'Em Andamento', '2023-01-10', Null);
INSERT INTO `servicos` (`id_pk_serico`, `id_servico`, `id_funcionario`, `id_peca_servico`,  `id_veiculo_servico`,  `status_servico`, `abertura_data_servico`, `fechamento_data_servico`) VALUES (3, 3, 3, 39, 14, 'Concluido', '2022-05-25', '2022-06-13');
INSERT INTO `servicos` (`id_pk_serico`, `id_servico`, `id_funcionario`, `id_peca_servico`,  `id_veiculo_servico`,  `status_servico`, `abertura_data_servico`, `fechamento_data_servico`) VALUES (4, 4, 3, 56, 17, 'Concluido', '2022-04-22', '2022-05-05');
INSERT INTO `servicos` (`id_pk_serico`, `id_servico`, `id_funcionario`, `id_peca_servico`,  `id_veiculo_servico`,  `status_servico`, `abertura_data_servico`, `fechamento_data_servico`) VALUES (5, 5, 5, 53, 4, 'Concluido', '2022-09-29', '2022-10-19');
INSERT INTO `servicos` (`id_pk_serico`, `id_servico`, `id_funcionario`, `id_peca_servico`,  `id_veiculo_servico`,  `status_servico`, `abertura_data_servico`, `fechamento_data_servico`) VALUES (6, 6, 5, 50, 15, 'Concluido', '2023-01-03', '2023-01-10');
INSERT INTO `servicos` (`id_pk_serico`, `id_servico`, `id_funcionario`, `id_peca_servico`,  `id_veiculo_servico`,  `status_servico`, `abertura_data_servico`, `fechamento_data_servico`) VALUES (7, 7, 3, 31, 5, 'Aguardando Autorização Adicional', '2023-05-06', Null);
INSERT INTO `servicos` (`id_pk_serico`, `id_servico`, `id_funcionario`, `id_peca_servico`,  `id_veiculo_servico`,  `status_servico`, `abertura_data_servico`, `fechamento_data_servico`) VALUES (8, 8, 3, 11, 7, 'Concluido', '2022-04-14', '2022-05-01');
INSERT INTO `servicos` (`id_pk_serico`, `id_servico`, `id_funcionario`, `id_peca_servico`,  `id_veiculo_servico`,  `status_servico`, `abertura_data_servico`, `fechamento_data_servico`) VALUES (9, 9, 3, 32, 20, 'Concluido', '2022-02-26', '2022-02-28');
INSERT INTO `servicos` (`id_pk_serico`, `id_servico`, `id_funcionario`, `id_peca_servico`,  `id_veiculo_servico`,  `status_servico`, `abertura_data_servico`, `fechamento_data_servico`) VALUES (10, 10, 5, 21, 21, 'Concluido', '2022-02-14', '2022-02-18');
INSERT INTO `servicos` (`id_pk_serico`, `id_servico`, `id_funcionario`, `id_peca_servico`,  `id_veiculo_servico`,  `status_servico`, `abertura_data_servico`, `fechamento_data_servico`) VALUES (11, 11, 5, 11, 9, 'Concluido', '2022-04-01', '2022-04-19');
INSERT INTO `servicos` (`id_pk_serico`, `id_servico`, `id_funcionario`, `id_peca_servico`,  `id_veiculo_servico`,  `status_servico`, `abertura_data_servico`, `fechamento_data_servico`) VALUES (12, 12, 5, 10, 10, 'Concluido', '2023-02-16', '2023-02-27');
INSERT INTO `servicos` (`id_pk_serico`, `id_servico`, `id_funcionario`, `id_peca_servico`,  `id_veiculo_servico`,  `status_servico`, `abertura_data_servico`, `fechamento_data_servico`) VALUES (13, 13, 3, 21, 18, 'Concluido', '2022-03-15', '2022-03-25');
INSERT INTO `servicos` (`id_pk_serico`, `id_servico`, `id_funcionario`, `id_peca_servico`,  `id_veiculo_servico`,  `status_servico`, `abertura_data_servico`, `fechamento_data_servico`) VALUES (14, 14, 5, 29, 7, 'Concluido', '2023-01-16', '2023-01-27');
INSERT INTO `servicos` (`id_pk_serico`, `id_servico`, `id_funcionario`, `id_peca_servico`,  `id_veiculo_servico`,  `status_servico`, `abertura_data_servico`, `fechamento_data_servico`) VALUES (15, 15, 3, 52, 12, 'Concluido', '2022-12-05', '2022-12-16');
INSERT INTO `servicos` (`id_pk_serico`, `id_servico`, `id_funcionario`, `id_peca_servico`,  `id_veiculo_servico`,  `status_servico`, `abertura_data_servico`, `fechamento_data_servico`) VALUES (16, 16, 3, 51, 5, 'Concluido', '2023-06-21', '2023-06-23');
INSERT INTO `servicos` (`id_pk_serico`, `id_servico`, `id_funcionario`, `id_peca_servico`,  `id_veiculo_servico`,  `status_servico`, `abertura_data_servico`, `fechamento_data_servico`) VALUES (17, 17, 3, 55, 9, 'Concluido', '2022-03-26', '2022-04-11');
INSERT INTO `servicos` (`id_pk_serico`, `id_servico`, `id_funcionario`, `id_peca_servico`,  `id_veiculo_servico`,  `status_servico`, `abertura_data_servico`, `fechamento_data_servico`) VALUES (18, 18, 3, 5, 23, 'Concluido', '2022-12-30', '2023-01-17');
INSERT INTO `servicos` (`id_pk_serico`, `id_servico`, `id_funcionario`, `id_peca_servico`,  `id_veiculo_servico`,  `status_servico`, `abertura_data_servico`, `fechamento_data_servico`) VALUES (19, 19, 5, 39, 20, 'Aguardando Autorização Adicional', '2023-04-21', Null);
INSERT INTO `servicos` (`id_pk_serico`, `id_servico`, `id_funcionario`, `id_peca_servico`,  `id_veiculo_servico`,  `status_servico`, `abertura_data_servico`, `fechamento_data_servico`) VALUES (20, 20, 5, 51, 7, 'Concluido', '2022-10-21', '2022-10-25');
INSERT INTO `servicos` (`id_pk_serico`, `id_servico`, `id_funcionario`, `id_peca_servico`,  `id_veiculo_servico`,  `status_servico`, `abertura_data_servico`, `fechamento_data_servico`) VALUES (21, 21, 3, 28, 10, 'Concluido', '2022-07-16', '2022-08-05');
INSERT INTO `servicos` (`id_pk_serico`, `id_servico`, `id_funcionario`, `id_peca_servico`,  `id_veiculo_servico`,  `status_servico`, `abertura_data_servico`, `fechamento_data_servico`) VALUES (22, 22, 3, 10, 1, 'Concluido', '2022-08-23', '2022-09-03');
INSERT INTO `servicos` (`id_pk_serico`, `id_servico`, `id_funcionario`, `id_peca_servico`,  `id_veiculo_servico`,  `status_servico`, `abertura_data_servico`, `fechamento_data_servico`) VALUES (23, 23, 5, 15, 12, 'Concluido', '2022-07-12', '2022-07-23');
INSERT INTO `servicos` (`id_pk_serico`, `id_servico`, `id_funcionario`, `id_peca_servico`,  `id_veiculo_servico`,  `status_servico`, `abertura_data_servico`, `fechamento_data_servico`) VALUES (24, 24, 5, 45, 1, 'Concluido', '2022-10-14', '2022-10-22');
INSERT INTO `servicos` (`id_pk_serico`, `id_servico`, `id_funcionario`, `id_peca_servico`,  `id_veiculo_servico`,  `status_servico`, `abertura_data_servico`, `fechamento_data_servico`) VALUES (25, 25, 3, 50, 6, 'Concluido', '2023-03-26', '2023-03-30');
INSERT INTO `servicos` (`id_pk_serico`, `id_servico`, `id_funcionario`, `id_peca_servico`,  `id_veiculo_servico`,  `status_servico`, `abertura_data_servico`, `fechamento_data_servico`) VALUES (26, 26, 5, 39, 18, 'Concluido', '2022-04-03', '2022-04-09');
INSERT INTO `servicos` (`id_pk_serico`, `id_servico`, `id_funcionario`, `id_peca_servico`,  `id_veiculo_servico`,  `status_servico`, `abertura_data_servico`, `fechamento_data_servico`) VALUES (27, 27, 5, 49, 18, 'Concluido', '2023-02-10', '2023-02-26');
INSERT INTO `servicos` (`id_pk_serico`, `id_servico`, `id_funcionario`, `id_peca_servico`,  `id_veiculo_servico`,  `status_servico`, `abertura_data_servico`, `fechamento_data_servico`) VALUES (28, 28, 3, 3, 21, 'Aguardando Autorização Adicional', '2022-09-19', Null);
INSERT INTO `servicos` (`id_pk_serico`, `id_servico`, `id_funcionario`, `id_peca_servico`,  `id_veiculo_servico`,  `status_servico`, `abertura_data_servico`, `fechamento_data_servico`) VALUES (29, 29, 5, 4, 13, 'Concluido', '2022-11-21', '2022-11-24');
INSERT INTO `servicos` (`id_pk_serico`, `id_servico`, `id_funcionario`, `id_peca_servico`,  `id_veiculo_servico`,  `status_servico`, `abertura_data_servico`, `fechamento_data_servico`) VALUES (30, 30, 3, 48, 10, 'Concluido', '2022-09-11', '2022-09-24');
INSERT INTO `servicos` (`id_pk_serico`, `id_servico`, `id_funcionario`, `id_peca_servico`,  `id_veiculo_servico`,  `status_servico`, `abertura_data_servico`, `fechamento_data_servico`) VALUES (31, 31, 5, 61, 24, 'Aguardando Autorização Adicional', '2022-06-03', Null);
INSERT INTO `servicos` (`id_pk_serico`, `id_servico`, `id_funcionario`, `id_peca_servico`,  `id_veiculo_servico`,  `status_servico`, `abertura_data_servico`, `fechamento_data_servico`) VALUES (32, 32, 3, 63, 24, 'Concluido', '2022-06-10', '2022-06-21');
INSERT INTO `servicos` (`id_pk_serico`, `id_servico`, `id_funcionario`, `id_peca_servico`,  `id_veiculo_servico`,  `status_servico`, `abertura_data_servico`, `fechamento_data_servico`) VALUES (33, 33, 5, 67, 27, 'Concluido', '2023-03-16', '2023-03-21');
INSERT INTO `servicos` (`id_pk_serico`, `id_servico`, `id_funcionario`, `id_peca_servico`,  `id_veiculo_servico`,  `status_servico`, `abertura_data_servico`, `fechamento_data_servico`) VALUES (34, 34, 3, 69, 29, 'Concluido', '2022-12-27', '2023-01-10');
INSERT INTO `servicos` (`id_pk_serico`, `id_servico`, `id_funcionario`, `id_peca_servico`,  `id_veiculo_servico`,  `status_servico`, `abertura_data_servico`, `fechamento_data_servico`) VALUES (35, 35, 3, 61, 29, 'Concluido', '2022-06-08', '2022-06-26');
INSERT INTO `servicos` (`id_pk_serico`, `id_servico`, `id_funcionario`, `id_peca_servico`,  `id_veiculo_servico`,  `status_servico`, `abertura_data_servico`, `fechamento_data_servico`) VALUES (36, 36, 3, 65, 25, 'Concluido', '2022-06-26', '2022-06-29');
INSERT INTO `servicos` (`id_pk_serico`, `id_servico`, `id_funcionario`, `id_peca_servico`,  `id_veiculo_servico`,  `status_servico`, `abertura_data_servico`, `fechamento_data_servico`) VALUES (37, 37, 5, 59, 24, 'Concluido', '2023-05-03', '2023-05-20');
INSERT INTO `servicos` (`id_pk_serico`, `id_servico`, `id_funcionario`, `id_peca_servico`,  `id_veiculo_servico`,  `status_servico`, `abertura_data_servico`, `fechamento_data_servico`) VALUES (38, 38, 5, 65, 24, 'Concluido', '2022-03-12', '2022-03-25');
INSERT INTO `servicos` (`id_pk_serico`, `id_servico`, `id_funcionario`, `id_peca_servico`,  `id_veiculo_servico`,  `status_servico`, `abertura_data_servico`, `fechamento_data_servico`) VALUES (39, 39, 3, 66, 30, 'Concluido', '2022-08-28', '2022-08-29');
INSERT INTO `servicos` (`id_pk_serico`, `id_servico`, `id_funcionario`, `id_peca_servico`,  `id_veiculo_servico`,  `status_servico`, `abertura_data_servico`, `fechamento_data_servico`) VALUES (40, 40, 3, 60, 28, 'Concluido', '2022-06-17', '2022-06-26');
INSERT INTO `servicos` (`id_pk_serico`, `id_servico`, `id_funcionario`, `id_peca_servico`,  `id_veiculo_servico`,  `status_servico`, `abertura_data_servico`, `fechamento_data_servico`) VALUES (41, 41, 5, 70, 30, 'Concluido', '2022-10-31', '2022-11-14');
INSERT INTO `servicos` (`id_pk_serico`, `id_servico`, `id_funcionario`, `id_peca_servico`,  `id_veiculo_servico`,  `status_servico`, `abertura_data_servico`, `fechamento_data_servico`) VALUES (42, 42, 5, 61, 28, 'Concluido', '2022-06-21', '2022-07-01');
INSERT INTO `servicos` (`id_pk_serico`, `id_servico`, `id_funcionario`, `id_peca_servico`,  `id_veiculo_servico`,  `status_servico`, `abertura_data_servico`, `fechamento_data_servico`) VALUES (43, 43, 3, 60, 29, 'Concluido', '2022-11-21', '2022-12-01');
INSERT INTO `servicos` (`id_pk_serico`, `id_servico`, `id_funcionario`, `id_peca_servico`,  `id_veiculo_servico`,  `status_servico`, `abertura_data_servico`, `fechamento_data_servico`) VALUES (44, 44, 5, 69, 30, 'Aguardando Autorização Adicional', '2022-08-06', Null);
INSERT INTO `servicos` (`id_pk_serico`, `id_servico`, `id_funcionario`, `id_peca_servico`,  `id_veiculo_servico`,  `status_servico`, `abertura_data_servico`, `fechamento_data_servico`) VALUES (45, 45, 3, 63, 25, 'Concluido', '2023-02-19', '2023-03-06');
INSERT INTO `servicos` (`id_pk_serico`, `id_servico`, `id_funcionario`, `id_peca_servico`,  `id_veiculo_servico`,  `status_servico`, `abertura_data_servico`, `fechamento_data_servico`) VALUES (46, 38, 5, 38, 30, 'Aguardando Retirada', '2023-01-10', '2023-01-21');
INSERT INTO `servicos` (`id_pk_serico`, `id_servico`, `id_funcionario`, `id_peca_servico`,  `id_veiculo_servico`,  `status_servico`, `abertura_data_servico`, `fechamento_data_servico`) VALUES (47, 6, 5, 6, 4, 'Em Andamento', '2022-05-25', Null);
INSERT INTO `servicos` (`id_pk_serico`, `id_servico`, `id_funcionario`, `id_peca_servico`,  `id_veiculo_servico`,  `status_servico`, `abertura_data_servico`, `fechamento_data_servico`) VALUES (48, 19, 3, 19, 7, 'Concluido', '2022-04-22', '2022-05-05');
INSERT INTO `servicos` (`id_pk_serico`, `id_servico`, `id_funcionario`, `id_peca_servico`,  `id_veiculo_servico`,  `status_servico`, `abertura_data_servico`, `fechamento_data_servico`) VALUES (49, 42, 5, 42, 26, 'Em Andamento', '2022-09-29', Null);
INSERT INTO `servicos` (`id_pk_serico`, `id_servico`, `id_funcionario`, `id_peca_servico`,  `id_veiculo_servico`,  `status_servico`, `abertura_data_servico`, `fechamento_data_servico`) VALUES (50, 28, 5, 28, 17, 'Aguardando Autorização Adicional', '2023-01-03', Null);
INSERT INTO `servicos` (`id_pk_serico`, `id_servico`, `id_funcionario`, `id_peca_servico`,  `id_veiculo_servico`,  `status_servico`, `abertura_data_servico`, `fechamento_data_servico`) VALUES (51, 43, 5, 43, 29, 'Aguardando Aprovação', '2023-05-06', Null);
INSERT INTO `servicos` (`id_pk_serico`, `id_servico`, `id_funcionario`, `id_peca_servico`,  `id_veiculo_servico`,  `status_servico`, `abertura_data_servico`, `fechamento_data_servico`) VALUES (52, 45, 5, 47, 27, 'Aguardando Peças', '2022-04-14', Null);
INSERT INTO `servicos` (`id_pk_serico`, `id_servico`, `id_funcionario`, `id_peca_servico`,  `id_veiculo_servico`,  `status_servico`, `abertura_data_servico`, `fechamento_data_servico`) VALUES (53, 14, 5, 14, 3, 'Aguardando Autorização Adicional', '2022-02-26', Null);
INSERT INTO `servicos` (`id_pk_serico`, `id_servico`, `id_funcionario`, `id_peca_servico`,  `id_veiculo_servico`,  `status_servico`, `abertura_data_servico`, `fechamento_data_servico`) VALUES (54, 45, 3, 46, 30, 'Aguardando Aprovação', '2022-02-14', Null);
INSERT INTO `servicos` (`id_pk_serico`, `id_servico`, `id_funcionario`, `id_peca_servico`,  `id_veiculo_servico`,  `status_servico`, `abertura_data_servico`, `fechamento_data_servico`) VALUES (55, 45, 5, 51, 27, 'Aguardando Autorização Adicional', '2022-04-01', Null);
INSERT INTO `servicos` (`id_pk_serico`, `id_servico`, `id_funcionario`, `id_peca_servico`,  `id_veiculo_servico`,  `status_servico`, `abertura_data_servico`, `fechamento_data_servico`) VALUES (56, 45, 5, 47, 26, 'Em Andamento', '2023-01-10', Null);
INSERT INTO `servicos` (`id_pk_serico`, `id_servico`, `id_funcionario`, `id_peca_servico`,  `id_veiculo_servico`,  `status_servico`, `abertura_data_servico`, `fechamento_data_servico`) VALUES (57, 45, 5, 54, 30, 'Concluido', '2022-05-25', '2022-06-13');
INSERT INTO `servicos` (`id_pk_serico`, `id_servico`, `id_funcionario`, `id_peca_servico`,  `id_veiculo_servico`,  `status_servico`, `abertura_data_servico`, `fechamento_data_servico`) VALUES (58, 3, 3, 3, 1, 'Em Andamento', '2022-04-22', Null);
INSERT INTO `servicos` (`id_pk_serico`, `id_servico`, `id_funcionario`, `id_peca_servico`,  `id_veiculo_servico`,  `status_servico`, `abertura_data_servico`, `fechamento_data_servico`) VALUES (59, 20, 3, 20, 13, 'Aguardando Aprovação', '2022-09-29', Null);
INSERT INTO `servicos` (`id_pk_serico`, `id_servico`, `id_funcionario`, `id_peca_servico`,  `id_veiculo_servico`,  `status_servico`, `abertura_data_servico`, `fechamento_data_servico`) VALUES (60, 36, 5, 36, 24, 'Aguardando Aprovação', '2023-01-03', Null);
INSERT INTO `servicos` (`id_pk_serico`, `id_servico`, `id_funcionario`, `id_peca_servico`,  `id_veiculo_servico`,  `status_servico`, `abertura_data_servico`, `fechamento_data_servico`) VALUES (61, 45, 5, 47, 27, 'Aguardando Aprovação', '2023-05-06', Null);
INSERT INTO `servicos` (`id_pk_serico`, `id_servico`, `id_funcionario`, `id_peca_servico`,  `id_veiculo_servico`,  `status_servico`, `abertura_data_servico`, `fechamento_data_servico`) VALUES (62, 27, 3, 27, 5, 'Aguardando Retirada', '2022-04-14', '2022-05-01');
INSERT INTO `servicos` (`id_pk_serico`, `id_servico`, `id_funcionario`, `id_peca_servico`,  `id_veiculo_servico`,  `status_servico`, `abertura_data_servico`, `fechamento_data_servico`) VALUES (63, 24, 3, 24, 16, 'Aguardando Retirada', '2022-02-26', '2022-02-28');
INSERT INTO `servicos` (`id_pk_serico`, `id_servico`, `id_funcionario`, `id_peca_servico`,  `id_veiculo_servico`,  `status_servico`, `abertura_data_servico`, `fechamento_data_servico`) VALUES (64, 38, 3, 38, 24, 'Aguardando Peças', '2022-02-14', Null);
INSERT INTO `servicos` (`id_pk_serico`, `id_servico`, `id_funcionario`, `id_peca_servico`,  `id_veiculo_servico`,  `status_servico`, `abertura_data_servico`, `fechamento_data_servico`) VALUES (65, 35, 5, 35, 24, 'Aguardando Peças', '2022-04-01', Null);
INSERT INTO `servicos` (`id_pk_serico`, `id_servico`, `id_funcionario`, `id_peca_servico`,  `id_veiculo_servico`,  `status_servico`, `abertura_data_servico`, `fechamento_data_servico`) VALUES (66, 45, 5, 53, 24, 'Aguardando Autorização Adicional', '2023-01-10', Null);
INSERT INTO `servicos` (`id_pk_serico`, `id_servico`, `id_funcionario`, `id_peca_servico`,  `id_veiculo_servico`,  `status_servico`, `abertura_data_servico`, `fechamento_data_servico`) VALUES (67, 45, 3, 46, 29, 'Concluido', '2022-05-25', '2022-06-13');
INSERT INTO `servicos` (`id_pk_serico`, `id_servico`, `id_funcionario`, `id_peca_servico`,  `id_veiculo_servico`,  `status_servico`, `abertura_data_servico`, `fechamento_data_servico`) VALUES (68, 21, 3, 21, 20, 'Aguardando Aprovação', '2022-04-22', Null);
INSERT INTO `servicos` (`id_pk_serico`, `id_servico`, `id_funcionario`, `id_peca_servico`,  `id_veiculo_servico`,  `status_servico`, `abertura_data_servico`, `fechamento_data_servico`) VALUES (69, 28, 5, 28, 1, 'Aguardando Retirada', '2022-09-29', '2022-10-19');
INSERT INTO `servicos` (`id_pk_serico`, `id_servico`, `id_funcionario`, `id_peca_servico`,  `id_veiculo_servico`,  `status_servico`, `abertura_data_servico`, `fechamento_data_servico`) VALUES (70, 1, 3, 1, 23, 'Aguardando Aprovação', '2023-01-03', Null);
INSERT INTO `servicos` (`id_pk_serico`, `id_servico`, `id_funcionario`, `id_peca_servico`,  `id_veiculo_servico`,  `status_servico`, `abertura_data_servico`, `fechamento_data_servico`) VALUES (71, 21, 5, 21, 3, 'Aguardando Peças', '2023-05-06', Null);
INSERT INTO `servicos` (`id_pk_serico`, `id_servico`, `id_funcionario`, `id_peca_servico`,  `id_veiculo_servico`,  `status_servico`, `abertura_data_servico`, `fechamento_data_servico`) VALUES (72, 35, 5, 35, 25, 'Aguardando Autorização Adicional', '2022-04-14', Null);
INSERT INTO `servicos` (`id_pk_serico`, `id_servico`, `id_funcionario`, `id_peca_servico`,  `id_veiculo_servico`,  `status_servico`, `abertura_data_servico`, `fechamento_data_servico`) VALUES (73, 17, 3, 17, 22, 'Aguardando Aprovação', '2022-02-26', Null);
INSERT INTO `servicos` (`id_pk_serico`, `id_servico`, `id_funcionario`, `id_peca_servico`,  `id_veiculo_servico`,  `status_servico`, `abertura_data_servico`, `fechamento_data_servico`) VALUES (74, 31, 5, 31, 30, 'Aguardando Aprovação', '2022-02-14', Null);
INSERT INTO `servicos` (`id_pk_serico`, `id_servico`, `id_funcionario`, `id_peca_servico`,  `id_veiculo_servico`,  `status_servico`, `abertura_data_servico`, `fechamento_data_servico`) VALUES (75, 6, 3, 6, 9, 'Aguardando Autorização Adicional', '2022-04-01', Null);
INSERT INTO `servicos` (`id_pk_serico`, `id_servico`, `id_funcionario`, `id_peca_servico`,  `id_veiculo_servico`,  `status_servico`, `abertura_data_servico`, `fechamento_data_servico`) VALUES (76, 6, 5, 6, 10, 'Aguardando Aprovação', '2023-01-10', Null);
INSERT INTO `servicos` (`id_pk_serico`, `id_servico`, `id_funcionario`, `id_peca_servico`,  `id_veiculo_servico`,  `status_servico`, `abertura_data_servico`, `fechamento_data_servico`) VALUES (77, 45, 3, 50, 26, 'Aguardando Autorização Adicional', '2022-05-25', Null);
INSERT INTO `servicos` (`id_pk_serico`, `id_servico`, `id_funcionario`, `id_peca_servico`,  `id_veiculo_servico`,  `status_servico`, `abertura_data_servico`, `fechamento_data_servico`) VALUES (78, 10, 5, 10, 3, 'Em Andamento', '2022-04-22', Null);
INSERT INTO `servicos` (`id_pk_serico`, `id_servico`, `id_funcionario`, `id_peca_servico`,  `id_veiculo_servico`,  `status_servico`, `abertura_data_servico`, `fechamento_data_servico`) VALUES (79, 40, 5, 40, 30, 'Aguardando Peças', '2022-09-29', Null);
INSERT INTO `servicos` (`id_pk_serico`, `id_servico`, `id_funcionario`, `id_peca_servico`,  `id_veiculo_servico`,  `status_servico`, `abertura_data_servico`, `fechamento_data_servico`) VALUES (80, 16, 5, 16, 9, 'Aguardando Retirada', '2023-01-03', '2023-01-10');
INSERT INTO `servicos` (`id_pk_serico`, `id_servico`, `id_funcionario`, `id_peca_servico`,  `id_veiculo_servico`,  `status_servico`, `abertura_data_servico`, `fechamento_data_servico`) VALUES (81, 42, 5, 42, 24, 'Aguardando Aprovação', '2023-05-06', Null);
INSERT INTO `servicos` (`id_pk_serico`, `id_servico`, `id_funcionario`, `id_peca_servico`,  `id_veiculo_servico`,  `status_servico`, `abertura_data_servico`, `fechamento_data_servico`) VALUES (82, 45, 5, 53, 24, 'Em Andamento', '2022-04-14', Null);
INSERT INTO `servicos` (`id_pk_serico`, `id_servico`, `id_funcionario`, `id_peca_servico`,  `id_veiculo_servico`,  `status_servico`, `abertura_data_servico`, `fechamento_data_servico`) VALUES (83, 45, 3, 56, 30, 'Aguardando Retirada', '2022-02-26', '2022-02-28');
INSERT INTO `servicos` (`id_pk_serico`, `id_servico`, `id_funcionario`, `id_peca_servico`,  `id_veiculo_servico`,  `status_servico`, `abertura_data_servico`, `fechamento_data_servico`) VALUES (84, 4, 5, 4, 14, 'Aguardando Retirada', '2022-02-14', '2022-02-18');
INSERT INTO `servicos` (`id_pk_serico`, `id_servico`, `id_funcionario`, `id_peca_servico`,  `id_veiculo_servico`,  `status_servico`, `abertura_data_servico`, `fechamento_data_servico`) VALUES (85, 30, 3, 30, 20, 'Aguardando Autorização Adicional', '2022-04-01', Null);
INSERT INTO `servicos` (`id_pk_serico`, `id_servico`, `id_funcionario`, `id_peca_servico`,  `id_veiculo_servico`,  `status_servico`, `abertura_data_servico`, `fechamento_data_servico`) VALUES (86, 14, 3, 14, 13, 'Em Andamento', '2022-12-05', Null);
INSERT INTO `servicos` (`id_pk_serico`, `id_servico`, `id_funcionario`, `id_peca_servico`,  `id_veiculo_servico`,  `status_servico`, `abertura_data_servico`, `fechamento_data_servico`) VALUES (87, 45, 5, 51, 25, 'Aguardando Peças', '2023-06-21', Null);
INSERT INTO `servicos` (`id_pk_serico`, `id_servico`, `id_funcionario`, `id_peca_servico`,  `id_veiculo_servico`,  `status_servico`, `abertura_data_servico`, `fechamento_data_servico`) VALUES (88, 12, 5, 12, 7, 'Em Andamento', '2022-03-26', Null);
INSERT INTO `servicos` (`id_pk_serico`, `id_servico`, `id_funcionario`, `id_peca_servico`,  `id_veiculo_servico`,  `status_servico`, `abertura_data_servico`, `fechamento_data_servico`) VALUES (89, 18, 5, 18, 17, 'Aguardando Peças', '2022-12-30', Null);
INSERT INTO `servicos` (`id_pk_serico`, `id_servico`, `id_funcionario`, `id_peca_servico`,  `id_veiculo_servico`,  `status_servico`, `abertura_data_servico`, `fechamento_data_servico`) VALUES (90, 18, 5, 18, 14, 'Aguardando Peças', '2023-04-21', Null);
INSERT INTO `servicos` (`id_pk_serico`, `id_servico`, `id_funcionario`, `id_peca_servico`,  `id_veiculo_servico`,  `status_servico`, `abertura_data_servico`, `fechamento_data_servico`) VALUES (91, 1, 5, 1, 10, 'Aguardando Retirada', '2022-10-21', '2022-10-25');
INSERT INTO `servicos` (`id_pk_serico`, `id_servico`, `id_funcionario`, `id_peca_servico`,  `id_veiculo_servico`,  `status_servico`, `abertura_data_servico`, `fechamento_data_servico`) VALUES (92, 39, 5, 39, 26, 'Aguardando Autorização Adicional', '2022-07-16', Null);
INSERT INTO `servicos` (`id_pk_serico`, `id_servico`, `id_funcionario`, `id_peca_servico`,  `id_veiculo_servico`,  `status_servico`, `abertura_data_servico`, `fechamento_data_servico`) VALUES (93, 45, 5, 52, 29, 'Concluido', '2022-08-23', '2022-09-03');
INSERT INTO `servicos` (`id_pk_serico`, `id_servico`, `id_funcionario`, `id_peca_servico`,  `id_veiculo_servico`,  `status_servico`, `abertura_data_servico`, `fechamento_data_servico`) VALUES (94, 45, 5, 45, 24, 'Concluido', '2022-07-12', '2022-07-23');
INSERT INTO `servicos` (`id_pk_serico`, `id_servico`, `id_funcionario`, `id_peca_servico`,  `id_veiculo_servico`,  `status_servico`, `abertura_data_servico`, `fechamento_data_servico`) VALUES (95, 8, 5, 8, 16, 'Concluido', '2022-10-14', '2022-10-22');
INSERT INTO `servicos` (`id_pk_serico`, `id_servico`, `id_funcionario`, `id_peca_servico`,  `id_veiculo_servico`,  `status_servico`, `abertura_data_servico`, `fechamento_data_servico`) VALUES (96, 21, 5, 21, 21, 'Aguardando Retirada', '2023-03-26', '2023-03-30');
INSERT INTO `servicos` (`id_pk_serico`, `id_servico`, `id_funcionario`, `id_peca_servico`,  `id_veiculo_servico`,  `status_servico`, `abertura_data_servico`, `fechamento_data_servico`) VALUES (97, 8, 3, 8, 4, 'Aguardando Peças', '2022-04-03', Null);
INSERT INTO `servicos` (`id_pk_serico`, `id_servico`, `id_funcionario`, `id_peca_servico`,  `id_veiculo_servico`,  `status_servico`, `abertura_data_servico`, `fechamento_data_servico`) VALUES (98, 39, 3, 39, 30, 'Aguardando Peças', '2023-02-10', Null);
INSERT INTO `servicos` (`id_pk_serico`, `id_servico`, `id_funcionario`, `id_peca_servico`,  `id_veiculo_servico`,  `status_servico`, `abertura_data_servico`, `fechamento_data_servico`) VALUES (99, 45, 5, 45, 29, 'Aguardando Autorização Adicional', '2022-09-19', Null);
INSERT INTO `servicos` (`id_pk_serico`, `id_servico`, `id_funcionario`, `id_peca_servico`,  `id_veiculo_servico`,  `status_servico`, `abertura_data_servico`, `fechamento_data_servico`) VALUES (100, 45, 5, 56, 25, 'Aguardando Peças', '2022-11-21', Null);
INSERT INTO `servicos` (`id_pk_serico`, `id_servico`, `id_funcionario`, `id_peca_servico`,  `id_veiculo_servico`,  `status_servico`, `abertura_data_servico`, `fechamento_data_servico`) VALUES (101, 26, 3, 26, 15, 'Concluido', '2022-09-11', '2022-09-24');
INSERT INTO `servicos` (`id_pk_serico`, `id_servico`, `id_funcionario`, `id_peca_servico`,  `id_veiculo_servico`,  `status_servico`, `abertura_data_servico`, `fechamento_data_servico`) VALUES (102, 33, 5, 33, 24, 'Aguardando Aprovação', '2022-06-03', Null);
INSERT INTO `servicos` (`id_pk_serico`, `id_servico`, `id_funcionario`, `id_peca_servico`,  `id_veiculo_servico`,  `status_servico`, `abertura_data_servico`, `fechamento_data_servico`) VALUES (103, 19, 3, 19, 9, 'Aguardando Autorização Adicional', '2022-06-10', Null);
INSERT INTO `servicos` (`id_pk_serico`, `id_servico`, `id_funcionario`, `id_peca_servico`,  `id_veiculo_servico`,  `status_servico`, `abertura_data_servico`, `fechamento_data_servico`) VALUES (104, 32, 5, 32, 30, 'Aguardando Peças', '2023-03-16', Null);
INSERT INTO `servicos` (`id_pk_serico`, `id_servico`, `id_funcionario`, `id_peca_servico`,  `id_veiculo_servico`,  `status_servico`, `abertura_data_servico`, `fechamento_data_servico`) VALUES (105, 41, 5, 41, 25, 'Concluido', '2022-12-27', '2023-01-10');
INSERT INTO `servicos` (`id_pk_serico`, `id_servico`, `id_funcionario`, `id_peca_servico`,  `id_veiculo_servico`,  `status_servico`, `abertura_data_servico`, `fechamento_data_servico`) VALUES (106, 2, 5, 2, 6, 'Aguardando Autorização Adicional', '2022-06-08', Null);
INSERT INTO `servicos` (`id_pk_serico`, `id_servico`, `id_funcionario`, `id_peca_servico`,  `id_veiculo_servico`,  `status_servico`, `abertura_data_servico`, `fechamento_data_servico`) VALUES (107, 40, 3, 40, 25, 'Aguardando Retirada', '2022-12-05', '2022-12-16');
INSERT INTO `servicos` (`id_pk_serico`, `id_servico`, `id_funcionario`, `id_peca_servico`,  `id_veiculo_servico`,  `status_servico`, `abertura_data_servico`, `fechamento_data_servico`) VALUES (108, 43, 5, 43, 27, 'Concluido', '2023-06-21', '2023-06-23');
INSERT INTO `servicos` (`id_pk_serico`, `id_servico`, `id_funcionario`, `id_peca_servico`,  `id_veiculo_servico`,  `status_servico`, `abertura_data_servico`, `fechamento_data_servico`) VALUES (109, 23, 5, 23, 20, 'Aguardando Retirada', '2022-03-26', '2022-04-11');
INSERT INTO `servicos` (`id_pk_serico`, `id_servico`, `id_funcionario`, `id_peca_servico`,  `id_veiculo_servico`,  `status_servico`, `abertura_data_servico`, `fechamento_data_servico`) VALUES (110, 15, 5, 15, 16, 'Aguardando Peças', '2022-12-30', Null);
INSERT INTO `servicos` (`id_pk_serico`, `id_servico`, `id_funcionario`, `id_peca_servico`,  `id_veiculo_servico`,  `status_servico`, `abertura_data_servico`, `fechamento_data_servico`) VALUES (111, 45, 3, 52, 24, 'Aguardando Peças', '2023-04-21', Null);
INSERT INTO `servicos` (`id_pk_serico`, `id_servico`, `id_funcionario`, `id_peca_servico`,  `id_veiculo_servico`,  `status_servico`, `abertura_data_servico`, `fechamento_data_servico`) VALUES (112, 12, 5, 12, 7, 'Aguardando Retirada', '2022-10-21', '2022-10-25');
INSERT INTO `servicos` (`id_pk_serico`, `id_servico`, `id_funcionario`, `id_peca_servico`,  `id_veiculo_servico`,  `status_servico`, `abertura_data_servico`, `fechamento_data_servico`) VALUES (113, 25, 3, 25, 16, 'Aguardando Aprovação', '2022-07-16', Null);
INSERT INTO `servicos` (`id_pk_serico`, `id_servico`, `id_funcionario`, `id_peca_servico`,  `id_veiculo_servico`,  `status_servico`, `abertura_data_servico`, `fechamento_data_servico`) VALUES (114, 45, 3, 54, 29, 'Concluido', '2022-08-23', '2022-09-03');
INSERT INTO `servicos` (`id_pk_serico`, `id_servico`, `id_funcionario`, `id_peca_servico`,  `id_veiculo_servico`,  `status_servico`, `abertura_data_servico`, `fechamento_data_servico`) VALUES (115, 26, 5, 26, 9, 'Aguardando Aprovação', '2022-07-12', Null);
INSERT INTO `servicos` (`id_pk_serico`, `id_servico`, `id_funcionario`, `id_peca_servico`,  `id_veiculo_servico`,  `status_servico`, `abertura_data_servico`, `fechamento_data_servico`) VALUES (116, 31, 3, 31, 30, 'Aguardando Peças', '2022-10-14', Null);
INSERT INTO `servicos` (`id_pk_serico`, `id_servico`, `id_funcionario`, `id_peca_servico`,  `id_veiculo_servico`,  `status_servico`, `abertura_data_servico`, `fechamento_data_servico`) VALUES (117, 2, 3, 2, 5, 'Concluido', '2023-03-26', '2023-03-30');
INSERT INTO `servicos` (`id_pk_serico`, `id_servico`, `id_funcionario`, `id_peca_servico`,  `id_veiculo_servico`,  `status_servico`, `abertura_data_servico`, `fechamento_data_servico`) VALUES (118, 11, 5, 11, 18, 'Aguardando Peças', '2022-04-03', Null);
INSERT INTO `servicos` (`id_pk_serico`, `id_servico`, `id_funcionario`, `id_peca_servico`,  `id_veiculo_servico`,  `status_servico`, `abertura_data_servico`, `fechamento_data_servico`) VALUES (119, 6, 3, 6, 2, 'Aguardando Peças', '2023-02-10', Null);
INSERT INTO `servicos` (`id_pk_serico`, `id_servico`, `id_funcionario`, `id_peca_servico`,  `id_veiculo_servico`,  `status_servico`, `abertura_data_servico`, `fechamento_data_servico`) VALUES (120, 43, 3, 43, 27, 'Aguardando Peças', '2022-09-19', Null);
INSERT INTO `servicos` (`id_pk_serico`, `id_servico`, `id_funcionario`, `id_peca_servico`,  `id_veiculo_servico`,  `status_servico`, `abertura_data_servico`, `fechamento_data_servico`) VALUES (121, 31, 5, 31, 29, 'Aguardando Retirada', '2022-11-21', '2022-11-24');
INSERT INTO `servicos` (`id_pk_serico`, `id_servico`, `id_funcionario`, `id_peca_servico`,  `id_veiculo_servico`,  `status_servico`, `abertura_data_servico`, `fechamento_data_servico`) VALUES (122, 45, 5, 56, 26, 'Aguardando Autorização Adicional', '2022-09-11', Null);
INSERT INTO `servicos` (`id_pk_serico`, `id_servico`, `id_funcionario`, `id_peca_servico`,  `id_veiculo_servico`,  `status_servico`, `abertura_data_servico`, `fechamento_data_servico`) VALUES (123, 16, 5, 16, 1, 'Aguardando Retirada', '2022-06-03', '2022-06-17');
INSERT INTO `servicos` (`id_pk_serico`, `id_servico`, `id_funcionario`, `id_peca_servico`,  `id_veiculo_servico`,  `status_servico`, `abertura_data_servico`, `fechamento_data_servico`) VALUES (124, 42, 3, 42, 30, 'Aguardando Retirada', '2022-06-10', '2022-06-21');
INSERT INTO `servicos` (`id_pk_serico`, `id_servico`, `id_funcionario`, `id_peca_servico`,  `id_veiculo_servico`,  `status_servico`, `abertura_data_servico`, `fechamento_data_servico`) VALUES (125, 6, 5, 6, 13, 'Concluido', '2023-03-16', '2023-03-21');
INSERT INTO `servicos` (`id_pk_serico`, `id_servico`, `id_funcionario`, `id_peca_servico`,  `id_veiculo_servico`,  `status_servico`, `abertura_data_servico`, `fechamento_data_servico`) VALUES (126, 9, 5, 9, 6, 'Aguardando Peças', '2022-12-27', Null);
INSERT INTO `servicos` (`id_pk_serico`, `id_servico`, `id_funcionario`, `id_peca_servico`,  `id_veiculo_servico`,  `status_servico`, `abertura_data_servico`, `fechamento_data_servico`) VALUES (127, 30, 5, 30, 2, 'Aguardando Peças', '2022-06-08', Null);
INSERT INTO `servicos` (`id_pk_serico`, `id_servico`, `id_funcionario`, `id_peca_servico`,  `id_veiculo_servico`,  `status_servico`, `abertura_data_servico`, `fechamento_data_servico`) VALUES (128, 45, 3, 53, 30, 'Aguardando Peças', '2022-12-05', Null);
INSERT INTO `servicos` (`id_pk_serico`, `id_servico`, `id_funcionario`, `id_peca_servico`,  `id_veiculo_servico`,  `status_servico`, `abertura_data_servico`, `fechamento_data_servico`) VALUES (129, 45, 5, 46, 24, 'Aguardando Aprovação', '2023-06-21', Null);
INSERT INTO `servicos` (`id_pk_serico`, `id_servico`, `id_funcionario`, `id_peca_servico`,  `id_veiculo_servico`,  `status_servico`, `abertura_data_servico`, `fechamento_data_servico`) VALUES (130, 45, 3, 52, 30, 'Em Andamento', '2022-03-26', Null);
INSERT INTO `servicos` (`id_pk_serico`, `id_servico`, `id_funcionario`, `id_peca_servico`,  `id_veiculo_servico`,  `status_servico`, `abertura_data_servico`, `fechamento_data_servico`) VALUES (131, 12, 3, 12, 11, 'Concluido', '2022-12-30', '2023-01-17');
INSERT INTO `servicos` (`id_pk_serico`, `id_servico`, `id_funcionario`, `id_peca_servico`,  `id_veiculo_servico`,  `status_servico`, `abertura_data_servico`, `fechamento_data_servico`) VALUES (132, 13, 5, 13, 8, 'Aguardando Peças', '2023-04-21', Null);
INSERT INTO `servicos` (`id_pk_serico`, `id_servico`, `id_funcionario`, `id_peca_servico`,  `id_veiculo_servico`,  `status_servico`, `abertura_data_servico`, `fechamento_data_servico`) VALUES (133, 37, 3, 37, 26, 'Aguardando Aprovação', '2022-10-21', Null);
INSERT INTO `servicos` (`id_pk_serico`, `id_servico`, `id_funcionario`, `id_peca_servico`,  `id_veiculo_servico`,  `status_servico`, `abertura_data_servico`, `fechamento_data_servico`) VALUES (134, 34, 3, 34, 25, 'Aguardando Aprovação', '2022-07-16', Null);
INSERT INTO `servicos` (`id_pk_serico`, `id_servico`, `id_funcionario`, `id_peca_servico`,  `id_veiculo_servico`,  `status_servico`, `abertura_data_servico`, `fechamento_data_servico`) VALUES (135, 45, 3, 53, 28, 'Aguardando Aprovação', '2022-08-23', Null);
INSERT INTO `servicos` (`id_pk_serico`, `id_servico`, `id_funcionario`, `id_peca_servico`,  `id_veiculo_servico`,  `status_servico`, `abertura_data_servico`, `fechamento_data_servico`) VALUES (136, 25, 3, 25, 21, 'Em Andamento', '2022-07-12', Null);
INSERT INTO `servicos` (`id_pk_serico`, `id_servico`, `id_funcionario`, `id_peca_servico`,  `id_veiculo_servico`,  `status_servico`, `abertura_data_servico`, `fechamento_data_servico`) VALUES (137, 45, 3, 46, 30, 'Em Andamento', '2022-10-14', Null);
INSERT INTO `servicos` (`id_pk_serico`, `id_servico`, `id_funcionario`, `id_peca_servico`,  `id_veiculo_servico`,  `status_servico`, `abertura_data_servico`, `fechamento_data_servico`) VALUES (138, 11, 5, 11, 4, 'Aguardando Retirada', '2023-03-26', '2023-03-30');
INSERT INTO `servicos` (`id_pk_serico`, `id_servico`, `id_funcionario`, `id_peca_servico`,  `id_veiculo_servico`,  `status_servico`, `abertura_data_servico`, `fechamento_data_servico`) VALUES (139, 7, 3, 7, 8, 'Aguardando Peças', '2022-04-03', Null);
INSERT INTO `servicos` (`id_pk_serico`, `id_servico`, `id_funcionario`, `id_peca_servico`,  `id_veiculo_servico`,  `status_servico`, `abertura_data_servico`, `fechamento_data_servico`) VALUES (140, 45, 5, 50, 29, 'Aguardando Aprovação', '2023-02-10', Null);
INSERT INTO `servicos` (`id_pk_serico`, `id_servico`, `id_funcionario`, `id_peca_servico`,  `id_veiculo_servico`,  `status_servico`, `abertura_data_servico`, `fechamento_data_servico`) VALUES (141, 6, 5, 6, 14, 'Aguardando Retirada', '2022-09-19', '2022-09-30');
INSERT INTO `servicos` (`id_pk_serico`, `id_servico`, `id_funcionario`, `id_peca_servico`,  `id_veiculo_servico`,  `status_servico`, `abertura_data_servico`, `fechamento_data_servico`) VALUES (142, 24, 5, 24, 13, 'Aguardando Autorização Adicional', '2022-11-21', Null);
INSERT INTO `servicos` (`id_pk_serico`, `id_servico`, `id_funcionario`, `id_peca_servico`,  `id_veiculo_servico`,  `status_servico`, `abertura_data_servico`, `fechamento_data_servico`) VALUES (143, 45, 3, 47, 27, 'Aguardando Peças', '2022-09-11', Null);
INSERT INTO `servicos` (`id_pk_serico`, `id_servico`, `id_funcionario`, `id_peca_servico`,  `id_veiculo_servico`,  `status_servico`, `abertura_data_servico`, `fechamento_data_servico`) VALUES (144, 35, 5, 35, 25, 'Concluido', '2022-06-03', '2022-06-17');
INSERT INTO `servicos` (`id_pk_serico`, `id_servico`, `id_funcionario`, `id_peca_servico`,  `id_veiculo_servico`,  `status_servico`, `abertura_data_servico`, `fechamento_data_servico`) VALUES (145, 12, 3, 12, 3, 'Aguardando Retirada', '2022-06-10', '2022-06-21');
INSERT INTO `servicos` (`id_pk_serico`, `id_servico`, `id_funcionario`, `id_peca_servico`,  `id_veiculo_servico`,  `status_servico`, `abertura_data_servico`, `fechamento_data_servico`) VALUES (146, 2, 5, 2, 14, 'Em Andamento', '2023-03-16', Null);
INSERT INTO `servicos` (`id_pk_serico`, `id_servico`, `id_funcionario`, `id_peca_servico`,  `id_veiculo_servico`,  `status_servico`, `abertura_data_servico`, `fechamento_data_servico`) VALUES (147, 31, 3, 31, 25, 'Aguardando Autorização Adicional', '2022-12-27', Null);
INSERT INTO `servicos` (`id_pk_serico`, `id_servico`, `id_funcionario`, `id_peca_servico`,  `id_veiculo_servico`,  `status_servico`, `abertura_data_servico`, `fechamento_data_servico`) VALUES (148, 3, 5, 3, 6, 'Aguardando Autorização Adicional', '2022-06-08', Null);
INSERT INTO `servicos` (`id_pk_serico`, `id_servico`, `id_funcionario`, `id_peca_servico`,  `id_veiculo_servico`,  `status_servico`, `abertura_data_servico`, `fechamento_data_servico`) VALUES (149, 26, 5, 26, 8, 'Aguardando Aprovação', '2022-12-05', Null);
INSERT INTO `servicos` (`id_pk_serico`, `id_servico`, `id_funcionario`, `id_peca_servico`,  `id_veiculo_servico`,  `status_servico`, `abertura_data_servico`, `fechamento_data_servico`) VALUES (150, 11, 3, 11, 8, 'Aguardando Retirada', '2023-06-21', '2023-06-23');
INSERT INTO `servicos` (`id_pk_serico`, `id_servico`, `id_funcionario`, `id_peca_servico`,  `id_veiculo_servico`,  `status_servico`, `abertura_data_servico`, `fechamento_data_servico`) VALUES (151, 15, 3, 15, 17, 'Aguardando Aprovação', '2022-03-26', Null);
INSERT INTO `servicos` (`id_pk_serico`, `id_servico`, `id_funcionario`, `id_peca_servico`,  `id_veiculo_servico`,  `status_servico`, `abertura_data_servico`, `fechamento_data_servico`) VALUES (152, 4, 5, 4, 16, 'Concluido', '2022-12-30', '2023-01-17');
INSERT INTO `servicos` (`id_pk_serico`, `id_servico`, `id_funcionario`, `id_peca_servico`,  `id_veiculo_servico`,  `status_servico`, `abertura_data_servico`, `fechamento_data_servico`) VALUES (153, 29, 3, 29, 10, 'Aguardando Peças', '2023-04-21', Null);
INSERT INTO `servicos` (`id_pk_serico`, `id_servico`, `id_funcionario`, `id_peca_servico`,  `id_veiculo_servico`,  `status_servico`, `abertura_data_servico`, `fechamento_data_servico`) VALUES (154, 34, 5, 34, 27, 'Aguardando Autorização Adicional', '2022-10-21', Null);
INSERT INTO `servicos` (`id_pk_serico`, `id_servico`, `id_funcionario`, `id_peca_servico`,  `id_veiculo_servico`,  `status_servico`, `abertura_data_servico`, `fechamento_data_servico`) VALUES (155, 45, 5, 53, 26, 'Aguardando Peças', '2022-07-16', Null);
INSERT INTO `servicos` (`id_pk_serico`, `id_servico`, `id_funcionario`, `id_peca_servico`,  `id_veiculo_servico`,  `status_servico`, `abertura_data_servico`, `fechamento_data_servico`) VALUES (156, 37, 5, 37, 30, 'Em Andamento', '2022-08-23', Null);
INSERT INTO `servicos` (`id_pk_serico`, `id_servico`, `id_funcionario`, `id_peca_servico`,  `id_veiculo_servico`,  `status_servico`, `abertura_data_servico`, `fechamento_data_servico`) VALUES (157, 29, 3, 29, 1, 'Concluido', '2022-07-12', '2022-07-23');
INSERT INTO `servicos` (`id_pk_serico`, `id_servico`, `id_funcionario`, `id_peca_servico`,  `id_veiculo_servico`,  `status_servico`, `abertura_data_servico`, `fechamento_data_servico`) VALUES (158, 28, 5, 28, 13, 'Aguardando Aprovação', '2022-10-14', Null);
INSERT INTO `servicos` (`id_pk_serico`, `id_servico`, `id_funcionario`, `id_peca_servico`,  `id_veiculo_servico`,  `status_servico`, `abertura_data_servico`, `fechamento_data_servico`) VALUES (159, 41, 3, 41, 28, 'Aguardando Peças', '2023-03-26', Null);
INSERT INTO `servicos` (`id_pk_serico`, `id_servico`, `id_funcionario`, `id_peca_servico`,  `id_veiculo_servico`,  `status_servico`, `abertura_data_servico`, `fechamento_data_servico`) VALUES (160, 1, 3, 1, 20, 'Concluido', '2022-04-03', '2022-04-09');
INSERT INTO `servicos` (`id_pk_serico`, `id_servico`, `id_funcionario`, `id_peca_servico`,  `id_veiculo_servico`,  `status_servico`, `abertura_data_servico`, `fechamento_data_servico`) VALUES (161, 25, 3, 25, 19, 'Aguardando Peças', '2023-02-10', Null);
INSERT INTO `servicos` (`id_pk_serico`, `id_servico`, `id_funcionario`, `id_peca_servico`,  `id_veiculo_servico`,  `status_servico`, `abertura_data_servico`, `fechamento_data_servico`) VALUES (162, 45, 3, 55, 24, 'Aguardando Autorização Adicional', '2022-09-19', Null);
INSERT INTO `servicos` (`id_pk_serico`, `id_servico`, `id_funcionario`, `id_peca_servico`,  `id_veiculo_servico`,  `status_servico`, `abertura_data_servico`, `fechamento_data_servico`) VALUES (163, 39, 3, 39, 29, 'Concluido', '2022-11-21', '2022-11-24');
INSERT INTO `servicos` (`id_pk_serico`, `id_servico`, `id_funcionario`, `id_peca_servico`,  `id_veiculo_servico`,  `status_servico`, `abertura_data_servico`, `fechamento_data_servico`) VALUES (164, 45, 3, 50, 25, 'Aguardando Autorização Adicional', '2022-09-11', Null);
INSERT INTO `servicos` (`id_pk_serico`, `id_servico`, `id_funcionario`, `id_peca_servico`,  `id_veiculo_servico`,  `status_servico`, `abertura_data_servico`, `fechamento_data_servico`) VALUES (165, 45, 3, 56, 29, 'Concluido', '2022-06-03', '2022-06-17');
INSERT INTO `servicos` (`id_pk_serico`, `id_servico`, `id_funcionario`, `id_peca_servico`,  `id_veiculo_servico`,  `status_servico`, `abertura_data_servico`, `fechamento_data_servico`) VALUES (166, 8, 5, 8, 11, 'Aguardando Retirada', '2022-06-10', '2022-06-21');
INSERT INTO `servicos` (`id_pk_serico`, `id_servico`, `id_funcionario`, `id_peca_servico`,  `id_veiculo_servico`,  `status_servico`, `abertura_data_servico`, `fechamento_data_servico`) VALUES (167, 8, 3, 8, 11, 'Aguardando Retirada', '2023-03-16', '2023-03-21');
INSERT INTO `servicos` (`id_pk_serico`, `id_servico`, `id_funcionario`, `id_peca_servico`,  `id_veiculo_servico`,  `status_servico`, `abertura_data_servico`, `fechamento_data_servico`) VALUES (168, 45, 3, 47, 24, 'Aguardando Aprovação', '2022-12-27', Null);
INSERT INTO `servicos` (`id_pk_serico`, `id_servico`, `id_funcionario`, `id_peca_servico`,  `id_veiculo_servico`,  `status_servico`, `abertura_data_servico`, `fechamento_data_servico`) VALUES (169, 20, 5, 20, 7, 'Em Andamento', '2022-06-08', Null);
INSERT INTO `servicos` (`id_pk_serico`, `id_servico`, `id_funcionario`, `id_peca_servico`,  `id_veiculo_servico`,  `status_servico`, `abertura_data_servico`, `fechamento_data_servico`) VALUES (170, 45, 5, 50, 29, 'Concluido', '2023-02-25', '2023-03-16');
INSERT INTO `servicos` (`id_pk_serico`, `id_servico`, `id_funcionario`, `id_peca_servico`,  `id_veiculo_servico`,  `status_servico`, `abertura_data_servico`, `fechamento_data_servico`) VALUES (171, 23, 3, 23, 1, 'Em Andamento', '2023-01-10', Null);
INSERT INTO `servicos` (`id_pk_serico`, `id_servico`, `id_funcionario`, `id_peca_servico`,  `id_veiculo_servico`,  `status_servico`, `abertura_data_servico`, `fechamento_data_servico`) VALUES (172, 4, 3, 4, 17, 'Aguardando Autorização Adicional', '2022-05-25', Null);
INSERT INTO `servicos` (`id_pk_serico`, `id_servico`, `id_funcionario`, `id_peca_servico`,  `id_veiculo_servico`,  `status_servico`, `abertura_data_servico`, `fechamento_data_servico`) VALUES (173, 5, 5, 5, 5, 'Aguardando Autorização Adicional', '2022-04-22', Null);
INSERT INTO `servicos` (`id_pk_serico`, `id_servico`, `id_funcionario`, `id_peca_servico`,  `id_veiculo_servico`,  `status_servico`, `abertura_data_servico`, `fechamento_data_servico`) VALUES (174, 36, 5, 36, 28, 'Concluido', '2022-09-29', '2022-10-19');
INSERT INTO `servicos` (`id_pk_serico`, `id_servico`, `id_funcionario`, `id_peca_servico`,  `id_veiculo_servico`,  `status_servico`, `abertura_data_servico`, `fechamento_data_servico`) VALUES (175, 27, 5, 27, 22, 'Concluido', '2023-01-03', '2023-01-10');
INSERT INTO `servicos` (`id_pk_serico`, `id_servico`, `id_funcionario`, `id_peca_servico`,  `id_veiculo_servico`,  `status_servico`, `abertura_data_servico`, `fechamento_data_servico`) VALUES (176, 45, 3, 50, 25, 'Aguardando Retirada', '2023-05-06', '2023-05-24');
INSERT INTO `servicos` (`id_pk_serico`, `id_servico`, `id_funcionario`, `id_peca_servico`,  `id_veiculo_servico`,  `status_servico`, `abertura_data_servico`, `fechamento_data_servico`) VALUES (177, 40, 3, 40, 26, 'Aguardando Peças', '2022-04-14', Null);
INSERT INTO `servicos` (`id_pk_serico`, `id_servico`, `id_funcionario`, `id_peca_servico`,  `id_veiculo_servico`,  `status_servico`, `abertura_data_servico`, `fechamento_data_servico`) VALUES (178, 45, 3, 56, 30, 'Aguardando Autorização Adicional', '2022-02-26', Null);
INSERT INTO `servicos` (`id_pk_serico`, `id_servico`, `id_funcionario`, `id_peca_servico`,  `id_veiculo_servico`,  `status_servico`, `abertura_data_servico`, `fechamento_data_servico`) VALUES (179, 11, 3, 11, 22, 'Em Andamento', '2022-02-14', Null);
INSERT INTO `servicos` (`id_pk_serico`, `id_servico`, `id_funcionario`, `id_peca_servico`,  `id_veiculo_servico`,  `status_servico`, `abertura_data_servico`, `fechamento_data_servico`) VALUES (180, 3, 3, 3, 3, 'Aguardando Aprovação', '2022-04-01', Null);
INSERT INTO `servicos` (`id_pk_serico`, `id_servico`, `id_funcionario`, `id_peca_servico`,  `id_veiculo_servico`,  `status_servico`, `abertura_data_servico`, `fechamento_data_servico`) VALUES (181, 45, 5, 48, 28, 'Aguardando Retirada', '2023-02-16', '2023-02-27');
INSERT INTO `servicos` (`id_pk_serico`, `id_servico`, `id_funcionario`, `id_peca_servico`,  `id_veiculo_servico`,  `status_servico`, `abertura_data_servico`, `fechamento_data_servico`) VALUES (182, 27, 3, 27, 13, 'Concluido', '2022-03-15', '2022-03-25');
INSERT INTO `servicos` (`id_pk_serico`, `id_servico`, `id_funcionario`, `id_peca_servico`,  `id_veiculo_servico`,  `status_servico`, `abertura_data_servico`, `fechamento_data_servico`) VALUES (183, 25, 5, 25, 18, 'Aguardando Retirada', '2023-01-16', '2023-01-27');
INSERT INTO `servicos` (`id_pk_serico`, `id_servico`, `id_funcionario`, `id_peca_servico`,  `id_veiculo_servico`,  `status_servico`, `abertura_data_servico`, `fechamento_data_servico`) VALUES (184, 3, 5, 3, 18, 'Aguardando Autorização Adicional', '2022-12-05', Null);
INSERT INTO `servicos` (`id_pk_serico`, `id_servico`, `id_funcionario`, `id_peca_servico`,  `id_veiculo_servico`,  `status_servico`, `abertura_data_servico`, `fechamento_data_servico`) VALUES (185, 31, 5, 31, 27, 'Aguardando Aprovação', '2023-06-21', Null);
INSERT INTO `servicos` (`id_pk_serico`, `id_servico`, `id_funcionario`, `id_peca_servico`,  `id_veiculo_servico`,  `status_servico`, `abertura_data_servico`, `fechamento_data_servico`) VALUES (186, 25, 5, 25, 22, 'Aguardando Aprovação', '2022-03-26', Null);
INSERT INTO `servicos` (`id_pk_serico`, `id_servico`, `id_funcionario`, `id_peca_servico`,  `id_veiculo_servico`,  `status_servico`, `abertura_data_servico`, `fechamento_data_servico`) VALUES (187, 17, 3, 17, 17, 'Aguardando Peças', '2022-12-30', Null);
INSERT INTO `servicos` (`id_pk_serico`, `id_servico`, `id_funcionario`, `id_peca_servico`,  `id_veiculo_servico`,  `status_servico`, `abertura_data_servico`, `fechamento_data_servico`) VALUES (188, 34, 3, 34, 24, 'Em Andamento', '2023-04-21', Null);
INSERT INTO `servicos` (`id_pk_serico`, `id_servico`, `id_funcionario`, `id_peca_servico`,  `id_veiculo_servico`,  `status_servico`, `abertura_data_servico`, `fechamento_data_servico`) VALUES (189, 6, 5, 6, 11, 'Concluido', '2022-10-21', '2022-10-25');
INSERT INTO `servicos` (`id_pk_serico`, `id_servico`, `id_funcionario`, `id_peca_servico`,  `id_veiculo_servico`,  `status_servico`, `abertura_data_servico`, `fechamento_data_servico`) VALUES (190, 42, 3, 42, 28, 'Em Andamento', '2022-07-16', Null);
INSERT INTO `servicos` (`id_pk_serico`, `id_servico`, `id_funcionario`, `id_peca_servico`,  `id_veiculo_servico`,  `status_servico`, `abertura_data_servico`, `fechamento_data_servico`) VALUES (191, 35, 3, 35, 29, 'Em Andamento', '2022-08-23', Null);
INSERT INTO `servicos` (`id_pk_serico`, `id_servico`, `id_funcionario`, `id_peca_servico`,  `id_veiculo_servico`,  `status_servico`, `abertura_data_servico`, `fechamento_data_servico`) VALUES (192, 16, 3, 16, 10, 'Aguardando Retirada', '2023-02-25', '2023-03-16');
INSERT INTO `servicos` (`id_pk_serico`, `id_servico`, `id_funcionario`, `id_peca_servico`,  `id_veiculo_servico`,  `status_servico`, `abertura_data_servico`, `fechamento_data_servico`) VALUES (193, 36, 5, 36, 25, 'Em Andamento', '2023-01-10', Null);
INSERT INTO `servicos` (`id_pk_serico`, `id_servico`, `id_funcionario`, `id_peca_servico`,  `id_veiculo_servico`,  `status_servico`, `abertura_data_servico`, `fechamento_data_servico`) VALUES (194, 10, 3, 10, 13, 'Concluido', '2022-05-25', '2022-06-13');
INSERT INTO `servicos` (`id_pk_serico`, `id_servico`, `id_funcionario`, `id_peca_servico`,  `id_veiculo_servico`,  `status_servico`, `abertura_data_servico`, `fechamento_data_servico`) VALUES (195, 30, 3, 30, 5, 'Aguardando Autorização Adicional', '2022-04-22', Null);
INSERT INTO `servicos` (`id_pk_serico`, `id_servico`, `id_funcionario`, `id_peca_servico`,  `id_veiculo_servico`,  `status_servico`, `abertura_data_servico`, `fechamento_data_servico`) VALUES (196, 37, 5, 37, 30, 'Aguardando Autorização Adicional', '2022-09-29', Null);
INSERT INTO `servicos` (`id_pk_serico`, `id_servico`, `id_funcionario`, `id_peca_servico`,  `id_veiculo_servico`,  `status_servico`, `abertura_data_servico`, `fechamento_data_servico`) VALUES (197, 5, 3, 5, 1, 'Aguardando Peças', '2023-01-03', Null);
INSERT INTO `servicos` (`id_pk_serico`, `id_servico`, `id_funcionario`, `id_peca_servico`,  `id_veiculo_servico`,  `status_servico`, `abertura_data_servico`, `fechamento_data_servico`) VALUES (198, 45, 3, 47, 30, 'Em Andamento', '2023-05-06', Null);
INSERT INTO `servicos` (`id_pk_serico`, `id_servico`, `id_funcionario`, `id_peca_servico`,  `id_veiculo_servico`,  `status_servico`, `abertura_data_servico`, `fechamento_data_servico`) VALUES (199, 17, 5, 17, 9, 'Concluido', '2022-04-14', '2022-05-01');
INSERT INTO `servicos` (`id_pk_serico`, `id_servico`, `id_funcionario`, `id_peca_servico`,  `id_veiculo_servico`,  `status_servico`, `abertura_data_servico`, `fechamento_data_servico`) VALUES (200, 18, 5, 18, 5, 'Aguardando Peças', '2022-02-26', Null);

-- Carga de Dados para a tabela 
INSERT INTO `pagtos_nota` (`id_nota_fiscal`, `id_servico_pgto_nota`, `id_cliente_pgto_nota`, `data_nota`, `pagamento_tipo`, `valor_total_pgto_nota`, `data_pgto_nota`) VALUES (1, 4, 18, '2022-05-05', 'Dinheiro', 2425, '2022-05-07');
INSERT INTO `pagtos_nota` (`id_nota_fiscal`, `id_servico_pgto_nota`, `id_cliente_pgto_nota`, `data_nota`, `pagamento_tipo`, `valor_total_pgto_nota`, `data_pgto_nota`) VALUES (2, 5, 13, '2022-10-19', 'Pix', 2320, '2022-10-21');
INSERT INTO `pagtos_nota` (`id_nota_fiscal`, `id_servico_pgto_nota`, `id_cliente_pgto_nota`, `data_nota`, `pagamento_tipo`, `valor_total_pgto_nota`, `data_pgto_nota`) VALUES (3, 6, 13, '2023-01-10', 'Dinheiro', 1072, '2023-01-16');
INSERT INTO `pagtos_nota` (`id_nota_fiscal`, `id_servico_pgto_nota`, `id_cliente_pgto_nota`, `data_nota`, `pagamento_tipo`, `valor_total_pgto_nota`, `data_pgto_nota`) VALUES (4, 7, 25, '2023-05-24', 'Débito', 2411, '2023-05-25');
INSERT INTO `pagtos_nota` (`id_nota_fiscal`, `id_servico_pgto_nota`, `id_cliente_pgto_nota`, `data_nota`, `pagamento_tipo`, `valor_total_pgto_nota`, `data_pgto_nota`) VALUES (5, 8, 17, '2022-05-01', 'Dinheiro', 554, '2022-05-03');
INSERT INTO `pagtos_nota` (`id_nota_fiscal`, `id_servico_pgto_nota`, `id_cliente_pgto_nota`, `data_nota`, `pagamento_tipo`, `valor_total_pgto_nota`, `data_pgto_nota`) VALUES (6, 9, 1, '2022-02-28', 'Dinheiro', 875, '2022-03-06');
INSERT INTO `pagtos_nota` (`id_nota_fiscal`, `id_servico_pgto_nota`, `id_cliente_pgto_nota`, `data_nota`, `pagamento_tipo`, `valor_total_pgto_nota`, `data_pgto_nota`) VALUES (7, 10, 1, '2022-02-18', 'Crédito', 1781, '2022-02-22');
INSERT INTO `pagtos_nota` (`id_nota_fiscal`, `id_servico_pgto_nota`, `id_cliente_pgto_nota`, `data_nota`, `pagamento_tipo`, `valor_total_pgto_nota`, `data_pgto_nota`) VALUES (8, 11, 13, '2022-04-19', 'Pix', 293, '2022-04-25');
INSERT INTO `pagtos_nota` (`id_nota_fiscal`, `id_servico_pgto_nota`, `id_cliente_pgto_nota`, `data_nota`, `pagamento_tipo`, `valor_total_pgto_nota`, `data_pgto_nota`) VALUES (9, 12, 23, '2023-02-27', 'Dinheiro', 1911, '2023-03-02');
INSERT INTO `pagtos_nota` (`id_nota_fiscal`, `id_servico_pgto_nota`, `id_cliente_pgto_nota`, `data_nota`, `pagamento_tipo`, `valor_total_pgto_nota`, `data_pgto_nota`) VALUES (10, 13, 18, '2022-03-25', 'Dinheiro', 2009, '2022-03-27');
INSERT INTO `pagtos_nota` (`id_nota_fiscal`, `id_servico_pgto_nota`, `id_cliente_pgto_nota`, `data_nota`, `pagamento_tipo`, `valor_total_pgto_nota`, `data_pgto_nota`) VALUES (11, 14, 28, '2023-01-27', 'Pix', 1104, '2023-01-29');
INSERT INTO `pagtos_nota` (`id_nota_fiscal`, `id_servico_pgto_nota`, `id_cliente_pgto_nota`, `data_nota`, `pagamento_tipo`, `valor_total_pgto_nota`, `data_pgto_nota`) VALUES (12, 15, 21, '2022-12-16', 'Crédito', 638, '2022-12-22');
INSERT INTO `pagtos_nota` (`id_nota_fiscal`, `id_servico_pgto_nota`, `id_cliente_pgto_nota`, `data_nota`, `pagamento_tipo`, `valor_total_pgto_nota`, `data_pgto_nota`) VALUES (13, 16, 10, '2023-06-23', 'Dinheiro', 1977, '2023-06-26');
INSERT INTO `pagtos_nota` (`id_nota_fiscal`, `id_servico_pgto_nota`, `id_cliente_pgto_nota`, `data_nota`, `pagamento_tipo`, `valor_total_pgto_nota`, `data_pgto_nota`) VALUES (14, 17, 1, '2022-04-11', 'Crédito', 2095, '2022-04-15');
INSERT INTO `pagtos_nota` (`id_nota_fiscal`, `id_servico_pgto_nota`, `id_cliente_pgto_nota`, `data_nota`, `pagamento_tipo`, `valor_total_pgto_nota`, `data_pgto_nota`) VALUES (15, 18, 16, '2023-01-17', 'Crédito', 1560, '2023-01-20');
INSERT INTO `pagtos_nota` (`id_nota_fiscal`, `id_servico_pgto_nota`, `id_cliente_pgto_nota`, `data_nota`, `pagamento_tipo`, `valor_total_pgto_nota`, `data_pgto_nota`) VALUES (16, 19, 21, '2023-04-24', 'Pix', 679, '2023-05-01');
INSERT INTO `pagtos_nota` (`id_nota_fiscal`, `id_servico_pgto_nota`, `id_cliente_pgto_nota`, `data_nota`, `pagamento_tipo`, `valor_total_pgto_nota`, `data_pgto_nota`) VALUES (17, 20, 13, '2022-10-25', 'Dinheiro', 918, '2022-11-01');
INSERT INTO `pagtos_nota` (`id_nota_fiscal`, `id_servico_pgto_nota`, `id_cliente_pgto_nota`, `data_nota`, `pagamento_tipo`, `valor_total_pgto_nota`, `data_pgto_nota`) VALUES (18, 21, 21, '2022-08-05', 'Débito', 996, '2022-08-07');
INSERT INTO `pagtos_nota` (`id_nota_fiscal`, `id_servico_pgto_nota`, `id_cliente_pgto_nota`, `data_nota`, `pagamento_tipo`, `valor_total_pgto_nota`, `data_pgto_nota`) VALUES (19, 22, 17, '2022-09-03', 'Dinheiro', 1528, '2022-09-07');
INSERT INTO `pagtos_nota` (`id_nota_fiscal`, `id_servico_pgto_nota`, `id_cliente_pgto_nota`, `data_nota`, `pagamento_tipo`, `valor_total_pgto_nota`, `data_pgto_nota`) VALUES (20, 23, 22, '2022-07-23', 'Pix', 1573, '2022-07-28');
INSERT INTO `pagtos_nota` (`id_nota_fiscal`, `id_servico_pgto_nota`, `id_cliente_pgto_nota`, `data_nota`, `pagamento_tipo`, `valor_total_pgto_nota`, `data_pgto_nota`) VALUES (21, 24, 16, '2022-10-22', 'Dinheiro', 690, '2022-10-26');
INSERT INTO `pagtos_nota` (`id_nota_fiscal`, `id_servico_pgto_nota`, `id_cliente_pgto_nota`, `data_nota`, `pagamento_tipo`, `valor_total_pgto_nota`, `data_pgto_nota`) VALUES (22, 25, 30, '2023-03-30', 'Débito', 1093, '2023-04-03');
INSERT INTO `pagtos_nota` (`id_nota_fiscal`, `id_servico_pgto_nota`, `id_cliente_pgto_nota`, `data_nota`, `pagamento_tipo`, `valor_total_pgto_nota`, `data_pgto_nota`) VALUES (23, 26, 25, '2022-04-09', 'Dinheiro', 532, '2022-04-11');
INSERT INTO `pagtos_nota` (`id_nota_fiscal`, `id_servico_pgto_nota`, `id_cliente_pgto_nota`, `data_nota`, `pagamento_tipo`, `valor_total_pgto_nota`, `data_pgto_nota`) VALUES (24, 27, 18, '2023-02-26', 'Pix', 1359, '2023-02-27');
INSERT INTO `pagtos_nota` (`id_nota_fiscal`, `id_servico_pgto_nota`, `id_cliente_pgto_nota`, `data_nota`, `pagamento_tipo`, `valor_total_pgto_nota`, `data_pgto_nota`) VALUES (25, 28, 2, '2022-09-30', 'Débito', 1437, '2022-10-05');
INSERT INTO `pagtos_nota` (`id_nota_fiscal`, `id_servico_pgto_nota`, `id_cliente_pgto_nota`, `data_nota`, `pagamento_tipo`, `valor_total_pgto_nota`, `data_pgto_nota`) VALUES (26, 48, 3, '2022-01-08', 'Crédito', 5517, '2022-01-01');
INSERT INTO `pagtos_nota` (`id_nota_fiscal`, `id_servico_pgto_nota`, `id_cliente_pgto_nota`, `data_nota`, `pagamento_tipo`, `valor_total_pgto_nota`, `data_pgto_nota`) VALUES (27, 52, 5, '2022-01-15', 'Pix', 6906, '2022-01-08');
INSERT INTO `pagtos_nota` (`id_nota_fiscal`, `id_servico_pgto_nota`, `id_cliente_pgto_nota`, `data_nota`, `pagamento_tipo`, `valor_total_pgto_nota`, `data_pgto_nota`) VALUES (28, 52, 7, '2022-01-22', 'Dinheiro', 8508, '2022-01-15');
INSERT INTO `pagtos_nota` (`id_nota_fiscal`, `id_servico_pgto_nota`, `id_cliente_pgto_nota`, `data_nota`, `pagamento_tipo`, `valor_total_pgto_nota`, `data_pgto_nota`) VALUES (29, 46, 9, '2022-01-29', 'Dinheiro', 7839, '2022-01-22');
INSERT INTO `pagtos_nota` (`id_nota_fiscal`, `id_servico_pgto_nota`, `id_cliente_pgto_nota`, `data_nota`, `pagamento_tipo`, `valor_total_pgto_nota`, `data_pgto_nota`) VALUES (30, 51, 11, '2022-02-05', 'Pix', 6661, '2022-01-29');
INSERT INTO `pagtos_nota` (`id_nota_fiscal`, `id_servico_pgto_nota`, `id_cliente_pgto_nota`, `data_nota`, `pagamento_tipo`, `valor_total_pgto_nota`, `data_pgto_nota`) VALUES (31, 46, 13, '2022-02-12', 'Crédito', 8361, '2022-02-05');
INSERT INTO `pagtos_nota` (`id_nota_fiscal`, `id_servico_pgto_nota`, `id_cliente_pgto_nota`, `data_nota`, `pagamento_tipo`, `valor_total_pgto_nota`, `data_pgto_nota`) VALUES (32, 51, 15, '2022-02-19', 'Dinheiro', 3122, '2022-02-12');
INSERT INTO `pagtos_nota` (`id_nota_fiscal`, `id_servico_pgto_nota`, `id_cliente_pgto_nota`, `data_nota`, `pagamento_tipo`, `valor_total_pgto_nota`, `data_pgto_nota`) VALUES (33, 48, 17, '2022-02-26', 'Crédito', 6467, '2022-02-19');
INSERT INTO `pagtos_nota` (`id_nota_fiscal`, `id_servico_pgto_nota`, `id_cliente_pgto_nota`, `data_nota`, `pagamento_tipo`, `valor_total_pgto_nota`, `data_pgto_nota`) VALUES (34, 52, 19, '2022-03-05', 'Crédito', 6274, '2022-02-26');
INSERT INTO `pagtos_nota` (`id_nota_fiscal`, `id_servico_pgto_nota`, `id_cliente_pgto_nota`, `data_nota`, `pagamento_tipo`, `valor_total_pgto_nota`, `data_pgto_nota`) VALUES (35, 55, 21, '2022-03-12', 'Pix', 6290, '2022-03-05');
INSERT INTO `pagtos_nota` (`id_nota_fiscal`, `id_servico_pgto_nota`, `id_cliente_pgto_nota`, `data_nota`, `pagamento_tipo`, `valor_total_pgto_nota`, `data_pgto_nota`) VALUES (36, 55, 23, '2022-03-19', 'Dinheiro', 6953, '2022-03-12');
INSERT INTO `pagtos_nota` (`id_nota_fiscal`, `id_servico_pgto_nota`, `id_cliente_pgto_nota`, `data_nota`, `pagamento_tipo`, `valor_total_pgto_nota`, `data_pgto_nota`) VALUES (37, 47, 25, '2022-03-26', 'Débito', 7122, '2022-03-19');
INSERT INTO `pagtos_nota` (`id_nota_fiscal`, `id_servico_pgto_nota`, `id_cliente_pgto_nota`, `data_nota`, `pagamento_tipo`, `valor_total_pgto_nota`, `data_pgto_nota`) VALUES (38, 48, 27, '2022-04-02', 'Dinheiro', 5013, '2022-03-26');
INSERT INTO `pagtos_nota` (`id_nota_fiscal`, `id_servico_pgto_nota`, `id_cliente_pgto_nota`, `data_nota`, `pagamento_tipo`, `valor_total_pgto_nota`, `data_pgto_nota`) VALUES (39, 54, 29, '2022-04-09', 'Pix', 5349, '2022-04-02');
INSERT INTO `pagtos_nota` (`id_nota_fiscal`, `id_servico_pgto_nota`, `id_cliente_pgto_nota`, `data_nota`, `pagamento_tipo`, `valor_total_pgto_nota`, `data_pgto_nota`) VALUES (40, 54, 2, '2022-04-16', 'Dinheiro', 5060, '2022-04-09');
INSERT INTO `pagtos_nota` (`id_nota_fiscal`, `id_servico_pgto_nota`, `id_cliente_pgto_nota`, `data_nota`, `pagamento_tipo`, `valor_total_pgto_nota`, `data_pgto_nota`) VALUES (41, 49, 4, '2022-04-23', 'Débito', 8098, '2022-04-16');
INSERT INTO `pagtos_nota` (`id_nota_fiscal`, `id_servico_pgto_nota`, `id_cliente_pgto_nota`, `data_nota`, `pagamento_tipo`, `valor_total_pgto_nota`, `data_pgto_nota`) VALUES (42, 55, 6, '2022-04-30', 'Crédito', 4952, '2022-04-23');
INSERT INTO `pagtos_nota` (`id_nota_fiscal`, `id_servico_pgto_nota`, `id_cliente_pgto_nota`, `data_nota`, `pagamento_tipo`, `valor_total_pgto_nota`, `data_pgto_nota`) VALUES (43, 49, 8, '2022-05-07', 'Pix', 5140, '2022-04-30');
INSERT INTO `pagtos_nota` (`id_nota_fiscal`, `id_servico_pgto_nota`, `id_cliente_pgto_nota`, `data_nota`, `pagamento_tipo`, `valor_total_pgto_nota`, `data_pgto_nota`) VALUES (44, 50, 10, '2022-05-14', 'Dinheiro', 7267, '2022-05-07');
INSERT INTO `pagtos_nota` (`id_nota_fiscal`, `id_servico_pgto_nota`, `id_cliente_pgto_nota`, `data_nota`, `pagamento_tipo`, `valor_total_pgto_nota`, `data_pgto_nota`) VALUES (45, 54, 12, '2022-05-21', 'Dinheiro', 6201, '2022-05-14');
INSERT INTO `pagtos_nota` (`id_nota_fiscal`, `id_servico_pgto_nota`, `id_cliente_pgto_nota`, `data_nota`, `pagamento_tipo`, `valor_total_pgto_nota`, `data_pgto_nota`) VALUES (46, 52, 14, '2022-05-28', 'Pix', 2451, '2022-05-21');
INSERT INTO `pagtos_nota` (`id_nota_fiscal`, `id_servico_pgto_nota`, `id_cliente_pgto_nota`, `data_nota`, `pagamento_tipo`, `valor_total_pgto_nota`, `data_pgto_nota`) VALUES (47, 46, 16, '2022-06-04', 'Crédito', 1856, '2022-05-28');
INSERT INTO `pagtos_nota` (`id_nota_fiscal`, `id_servico_pgto_nota`, `id_cliente_pgto_nota`, `data_nota`, `pagamento_tipo`, `valor_total_pgto_nota`, `data_pgto_nota`) VALUES (48, 55, 18, '2022-06-11', 'Dinheiro', 4334, '2022-06-04');
INSERT INTO `pagtos_nota` (`id_nota_fiscal`, `id_servico_pgto_nota`, `id_cliente_pgto_nota`, `data_nota`, `pagamento_tipo`, `valor_total_pgto_nota`, `data_pgto_nota`) VALUES (49, 52, 20, '2022-06-18', 'Crédito', 2609, '2022-06-11');
INSERT INTO `pagtos_nota` (`id_nota_fiscal`, `id_servico_pgto_nota`, `id_cliente_pgto_nota`, `data_nota`, `pagamento_tipo`, `valor_total_pgto_nota`, `data_pgto_nota`) VALUES (50, 56, 22, '2022-06-25', 'Crédito', 1860, '2022-06-18');
INSERT INTO `pagtos_nota` (`id_nota_fiscal`, `id_servico_pgto_nota`, `id_cliente_pgto_nota`, `data_nota`, `pagamento_tipo`, `valor_total_pgto_nota`, `data_pgto_nota`) VALUES (51, 56, 24, '2022-07-02', 'Pix', 1731, '2022-06-25');
INSERT INTO `pagtos_nota` (`id_nota_fiscal`, `id_servico_pgto_nota`, `id_cliente_pgto_nota`, `data_nota`, `pagamento_tipo`, `valor_total_pgto_nota`, `data_pgto_nota`) VALUES (52, 52, 26, '2022-07-09', 'Dinheiro', 2285, '2022-07-02');
INSERT INTO `pagtos_nota` (`id_nota_fiscal`, `id_servico_pgto_nota`, `id_cliente_pgto_nota`, `data_nota`, `pagamento_tipo`, `valor_total_pgto_nota`, `data_pgto_nota`) VALUES (53, 51, 28, '2022-07-16', 'Débito', 3424, '2022-07-09');
INSERT INTO `pagtos_nota` (`id_nota_fiscal`, `id_servico_pgto_nota`, `id_cliente_pgto_nota`, `data_nota`, `pagamento_tipo`, `valor_total_pgto_nota`, `data_pgto_nota`) VALUES (54, 51, 30, '2022-07-23', 'Dinheiro', 2584, '2022-07-16');
INSERT INTO `pagtos_nota` (`id_nota_fiscal`, `id_servico_pgto_nota`, `id_cliente_pgto_nota`, `data_nota`, `pagamento_tipo`, `valor_total_pgto_nota`, `data_pgto_nota`) VALUES (55, 47, 1, '2022-07-30', 'Pix', 4225, '2022-07-23');
INSERT INTO `pagtos_nota` (`id_nota_fiscal`, `id_servico_pgto_nota`, `id_cliente_pgto_nota`, `data_nota`, `pagamento_tipo`, `valor_total_pgto_nota`, `data_pgto_nota`) VALUES (56, 54, 2, '2022-08-06', 'Dinheiro', 5060, '2022-07-30');
INSERT INTO `pagtos_nota` (`id_nota_fiscal`, `id_servico_pgto_nota`, `id_cliente_pgto_nota`, `data_nota`, `pagamento_tipo`, `valor_total_pgto_nota`, `data_pgto_nota`) VALUES (57, 46, 3, '2022-08-13', 'Débito', 5517, '2022-08-06');
INSERT INTO `pagtos_nota` (`id_nota_fiscal`, `id_servico_pgto_nota`, `id_cliente_pgto_nota`, `data_nota`, `pagamento_tipo`, `valor_total_pgto_nota`, `data_pgto_nota`) VALUES (58, 48, 4, '2022-08-20', 'Dinheiro', 8098, '2022-08-13');
INSERT INTO `pagtos_nota` (`id_nota_fiscal`, `id_servico_pgto_nota`, `id_cliente_pgto_nota`, `data_nota`, `pagamento_tipo`, `valor_total_pgto_nota`, `data_pgto_nota`) VALUES (59, 48, 5, '2022-08-27', 'Pix', 6906, '2022-08-20');
INSERT INTO `pagtos_nota` (`id_nota_fiscal`, `id_servico_pgto_nota`, `id_cliente_pgto_nota`, `data_nota`, `pagamento_tipo`, `valor_total_pgto_nota`, `data_pgto_nota`) VALUES (60, 50, 6, '2022-09-03', 'Dinheiro', 4952, '2022-08-27');
INSERT INTO `pagtos_nota` (`id_nota_fiscal`, `id_servico_pgto_nota`, `id_cliente_pgto_nota`, `data_nota`, `pagamento_tipo`, `valor_total_pgto_nota`, `data_pgto_nota`) VALUES (61, 55, 7, '2022-09-10', 'Débito', 8508, '2022-09-03');
INSERT INTO `pagtos_nota` (`id_nota_fiscal`, `id_servico_pgto_nota`, `id_cliente_pgto_nota`, `data_nota`, `pagamento_tipo`, `valor_total_pgto_nota`, `data_pgto_nota`) VALUES (62, 49, 8, '2022-09-17', 'Dinheiro', 5140, '2022-09-10');
INSERT INTO `pagtos_nota` (`id_nota_fiscal`, `id_servico_pgto_nota`, `id_cliente_pgto_nota`, `data_nota`, `pagamento_tipo`, `valor_total_pgto_nota`, `data_pgto_nota`) VALUES (63, 47, 9, '2022-09-24', 'Dinheiro', 7839, '2022-09-17');
INSERT INTO `pagtos_nota` (`id_nota_fiscal`, `id_servico_pgto_nota`, `id_cliente_pgto_nota`, `data_nota`, `pagamento_tipo`, `valor_total_pgto_nota`, `data_pgto_nota`) VALUES (64, 46, 10, '2022-10-01', 'Crédito', 7267, '2022-09-24');
INSERT INTO `pagtos_nota` (`id_nota_fiscal`, `id_servico_pgto_nota`, `id_cliente_pgto_nota`, `data_nota`, `pagamento_tipo`, `valor_total_pgto_nota`, `data_pgto_nota`) VALUES (65, 57, 1, '2023-03-09', 'Pix', 4225, '2023-03-02');
INSERT INTO `pagtos_nota` (`id_nota_fiscal`, `id_servico_pgto_nota`, `id_cliente_pgto_nota`, `data_nota`, `pagamento_tipo`, `valor_total_pgto_nota`, `data_pgto_nota`) VALUES (66, 58, 3, '2023-03-11', 'Dinheiro', 5517, '2023-03-04');
INSERT INTO `pagtos_nota` (`id_nota_fiscal`, `id_servico_pgto_nota`, `id_cliente_pgto_nota`, `data_nota`, `pagamento_tipo`, `valor_total_pgto_nota`, `data_pgto_nota`) VALUES (67, 59, 5, '2023-03-13', 'Dinheiro', 6906, '2023-03-06');
INSERT INTO `pagtos_nota` (`id_nota_fiscal`, `id_servico_pgto_nota`, `id_cliente_pgto_nota`, `data_nota`, `pagamento_tipo`, `valor_total_pgto_nota`, `data_pgto_nota`) VALUES (68, 60, 7, '2023-03-15', 'Pix', 8508, '2023-03-08');
INSERT INTO `pagtos_nota` (`id_nota_fiscal`, `id_servico_pgto_nota`, `id_cliente_pgto_nota`, `data_nota`, `pagamento_tipo`, `valor_total_pgto_nota`, `data_pgto_nota`) VALUES (69, 61, 9, '2023-03-17', 'Crédito', 7839, '2023-03-10');
INSERT INTO `pagtos_nota` (`id_nota_fiscal`, `id_servico_pgto_nota`, `id_cliente_pgto_nota`, `data_nota`, `pagamento_tipo`, `valor_total_pgto_nota`, `data_pgto_nota`) VALUES (70, 62, 11, '2023-03-19', 'Dinheiro', 6661, '2023-03-12');
INSERT INTO `pagtos_nota` (`id_nota_fiscal`, `id_servico_pgto_nota`, `id_cliente_pgto_nota`, `data_nota`, `pagamento_tipo`, `valor_total_pgto_nota`, `data_pgto_nota`) VALUES (71, 63, 13, '2023-03-21', 'Crédito', 8361, '2023-03-14');
INSERT INTO `pagtos_nota` (`id_nota_fiscal`, `id_servico_pgto_nota`, `id_cliente_pgto_nota`, `data_nota`, `pagamento_tipo`, `valor_total_pgto_nota`, `data_pgto_nota`) VALUES (72, 64, 15, '2023-03-23', 'Crédito', 3122, '2023-03-16');
INSERT INTO `pagtos_nota` (`id_nota_fiscal`, `id_servico_pgto_nota`, `id_cliente_pgto_nota`, `data_nota`, `pagamento_tipo`, `valor_total_pgto_nota`, `data_pgto_nota`) VALUES (73, 65, 17, '2023-03-25', 'Pix', 6467, '2023-03-18');
INSERT INTO `pagtos_nota` (`id_nota_fiscal`, `id_servico_pgto_nota`, `id_cliente_pgto_nota`, `data_nota`, `pagamento_tipo`, `valor_total_pgto_nota`, `data_pgto_nota`) VALUES (74, 66, 19, '2023-03-09', 'Dinheiro', 6274, '2023-03-02');
INSERT INTO `pagtos_nota` (`id_nota_fiscal`, `id_servico_pgto_nota`, `id_cliente_pgto_nota`, `data_nota`, `pagamento_tipo`, `valor_total_pgto_nota`, `data_pgto_nota`) VALUES (75, 67, 21, '2023-03-11', 'Débito', 6290, '2023-03-04');
INSERT INTO `pagtos_nota` (`id_nota_fiscal`, `id_servico_pgto_nota`, `id_cliente_pgto_nota`, `data_nota`, `pagamento_tipo`, `valor_total_pgto_nota`, `data_pgto_nota`) VALUES (76, 68, 23, '2023-03-13', 'Dinheiro', 6953, '2023-03-06');
INSERT INTO `pagtos_nota` (`id_nota_fiscal`, `id_servico_pgto_nota`, `id_cliente_pgto_nota`, `data_nota`, `pagamento_tipo`, `valor_total_pgto_nota`, `data_pgto_nota`) VALUES (77, 69, 25, '2023-03-15', 'Pix', 7122, '2023-03-08');
INSERT INTO `pagtos_nota` (`id_nota_fiscal`, `id_servico_pgto_nota`, `id_cliente_pgto_nota`, `data_nota`, `pagamento_tipo`, `valor_total_pgto_nota`, `data_pgto_nota`) VALUES (78, 70, 27, '2023-03-17', 'Dinheiro', 5013, '2023-03-10');
INSERT INTO `pagtos_nota` (`id_nota_fiscal`, `id_servico_pgto_nota`, `id_cliente_pgto_nota`, `data_nota`, `pagamento_tipo`, `valor_total_pgto_nota`, `data_pgto_nota`) VALUES (79, 71, 29, '2023-03-19', 'Débito', 5349, '2023-03-12');
INSERT INTO `pagtos_nota` (`id_nota_fiscal`, `id_servico_pgto_nota`, `id_cliente_pgto_nota`, `data_nota`, `pagamento_tipo`, `valor_total_pgto_nota`, `data_pgto_nota`) VALUES (80, 72, 2, '2023-03-21', 'Dinheiro', 5060, '2023-03-14');
INSERT INTO `pagtos_nota` (`id_nota_fiscal`, `id_servico_pgto_nota`, `id_cliente_pgto_nota`, `data_nota`, `pagamento_tipo`, `valor_total_pgto_nota`, `data_pgto_nota`) VALUES (81, 73, 4, '2023-03-23', 'Pix', 8098, '2023-03-16');
INSERT INTO `pagtos_nota` (`id_nota_fiscal`, `id_servico_pgto_nota`, `id_cliente_pgto_nota`, `data_nota`, `pagamento_tipo`, `valor_total_pgto_nota`, `data_pgto_nota`) VALUES (82, 74, 6, '2023-03-25', 'Débito', 4952, '2023-03-18');
INSERT INTO `pagtos_nota` (`id_nota_fiscal`, `id_servico_pgto_nota`, `id_cliente_pgto_nota`, `data_nota`, `pagamento_tipo`, `valor_total_pgto_nota`, `data_pgto_nota`) VALUES (83, 75, 8, '2023-03-27', 'Crédito', 5140, '2023-03-20');
INSERT INTO `pagtos_nota` (`id_nota_fiscal`, `id_servico_pgto_nota`, `id_cliente_pgto_nota`, `data_nota`, `pagamento_tipo`, `valor_total_pgto_nota`, `data_pgto_nota`) VALUES (84, 76, 10, '2023-03-29', 'Pix', 7267, '2023-03-22');
INSERT INTO `pagtos_nota` (`id_nota_fiscal`, `id_servico_pgto_nota`, `id_cliente_pgto_nota`, `data_nota`, `pagamento_tipo`, `valor_total_pgto_nota`, `data_pgto_nota`) VALUES (85, 77, 12, '2023-03-31', 'Dinheiro', 6201, '2023-03-24');
INSERT INTO `pagtos_nota` (`id_nota_fiscal`, `id_servico_pgto_nota`, `id_cliente_pgto_nota`, `data_nota`, `pagamento_tipo`, `valor_total_pgto_nota`, `data_pgto_nota`) VALUES (86, 57, 1, '2023-03-09', 'Dinheiro', 4225, '2023-03-02');
INSERT INTO `pagtos_nota` (`id_nota_fiscal`, `id_servico_pgto_nota`, `id_cliente_pgto_nota`, `data_nota`, `pagamento_tipo`, `valor_total_pgto_nota`, `data_pgto_nota`) VALUES (87, 58, 3, '2023-03-11', 'Pix', 5517, '2023-03-04');
INSERT INTO `pagtos_nota` (`id_nota_fiscal`, `id_servico_pgto_nota`, `id_cliente_pgto_nota`, `data_nota`, `pagamento_tipo`, `valor_total_pgto_nota`, `data_pgto_nota`) VALUES (88, 59, 5, '2023-03-13', 'Crédito', 6906, '2023-03-06');
INSERT INTO `pagtos_nota` (`id_nota_fiscal`, `id_servico_pgto_nota`, `id_cliente_pgto_nota`, `data_nota`, `pagamento_tipo`, `valor_total_pgto_nota`, `data_pgto_nota`) VALUES (89, 60, 7, '2023-03-15', 'Dinheiro', 8508, '2023-03-08');
INSERT INTO `pagtos_nota` (`id_nota_fiscal`, `id_servico_pgto_nota`, `id_cliente_pgto_nota`, `data_nota`, `pagamento_tipo`, `valor_total_pgto_nota`, `data_pgto_nota`) VALUES (90, 61, 9, '2023-03-17', 'Crédito', 7839, '2023-03-10');
INSERT INTO `pagtos_nota` (`id_nota_fiscal`, `id_servico_pgto_nota`, `id_cliente_pgto_nota`, `data_nota`, `pagamento_tipo`, `valor_total_pgto_nota`, `data_pgto_nota`) VALUES (91, 62, 11, '2023-03-19', 'Crédito', 6661, '2023-03-12');
INSERT INTO `pagtos_nota` (`id_nota_fiscal`, `id_servico_pgto_nota`, `id_cliente_pgto_nota`, `data_nota`, `pagamento_tipo`, `valor_total_pgto_nota`, `data_pgto_nota`) VALUES (92, 63, 13, '2023-03-21', 'Pix', 8361, '2023-03-14');
INSERT INTO `pagtos_nota` (`id_nota_fiscal`, `id_servico_pgto_nota`, `id_cliente_pgto_nota`, `data_nota`, `pagamento_tipo`, `valor_total_pgto_nota`, `data_pgto_nota`) VALUES (93, 64, 15, '2023-03-23', 'Dinheiro', 3122, '2023-03-16');
INSERT INTO `pagtos_nota` (`id_nota_fiscal`, `id_servico_pgto_nota`, `id_cliente_pgto_nota`, `data_nota`, `pagamento_tipo`, `valor_total_pgto_nota`, `data_pgto_nota`) VALUES (94, 65, 17, '2023-03-25', 'Débito', 6467, '2023-03-18');
INSERT INTO `pagtos_nota` (`id_nota_fiscal`, `id_servico_pgto_nota`, `id_cliente_pgto_nota`, `data_nota`, `pagamento_tipo`, `valor_total_pgto_nota`, `data_pgto_nota`) VALUES (95, 66, 19, '2023-03-09', 'Dinheiro', 6274, '2023-03-02');
INSERT INTO `pagtos_nota` (`id_nota_fiscal`, `id_servico_pgto_nota`, `id_cliente_pgto_nota`, `data_nota`, `pagamento_tipo`, `valor_total_pgto_nota`, `data_pgto_nota`) VALUES (96, 67, 21, '2023-03-11', 'Pix', 6290, '2023-03-04');
INSERT INTO `pagtos_nota` (`id_nota_fiscal`, `id_servico_pgto_nota`, `id_cliente_pgto_nota`, `data_nota`, `pagamento_tipo`, `valor_total_pgto_nota`, `data_pgto_nota`) VALUES (97, 68, 23, '2023-03-13', 'Dinheiro', 6953, '2023-03-06');
INSERT INTO `pagtos_nota` (`id_nota_fiscal`, `id_servico_pgto_nota`, `id_cliente_pgto_nota`, `data_nota`, `pagamento_tipo`, `valor_total_pgto_nota`, `data_pgto_nota`) VALUES (98, 69, 25, '2023-03-15', 'Débito', 7122, '2023-03-08');
INSERT INTO `pagtos_nota` (`id_nota_fiscal`, `id_servico_pgto_nota`, `id_cliente_pgto_nota`, `data_nota`, `pagamento_tipo`, `valor_total_pgto_nota`, `data_pgto_nota`) VALUES (99, 70, 27, '2023-03-17', 'Crédito', 5013, '2023-03-10');
INSERT INTO `pagtos_nota` (`id_nota_fiscal`, `id_servico_pgto_nota`, `id_cliente_pgto_nota`, `data_nota`, `pagamento_tipo`, `valor_total_pgto_nota`, `data_pgto_nota`) VALUES (100, 71, 29, '2023-03-19', 'Pix', 5349, '2023-03-12');
INSERT INTO `pagtos_nota` (`id_nota_fiscal`, `id_servico_pgto_nota`, `id_cliente_pgto_nota`, `data_nota`, `pagamento_tipo`, `valor_total_pgto_nota`, `data_pgto_nota`) VALUES (101, 72, 2, '2023-03-21', 'Dinheiro', 5060, '2023-03-14');
INSERT INTO `pagtos_nota` (`id_nota_fiscal`, `id_servico_pgto_nota`, `id_cliente_pgto_nota`, `data_nota`, `pagamento_tipo`, `valor_total_pgto_nota`, `data_pgto_nota`) VALUES (102, 73, 4, '2023-03-23', 'Dinheiro', 8098, '2023-03-16');
INSERT INTO `pagtos_nota` (`id_nota_fiscal`, `id_servico_pgto_nota`, `id_cliente_pgto_nota`, `data_nota`, `pagamento_tipo`, `valor_total_pgto_nota`, `data_pgto_nota`) VALUES (103, 74, 6, '2023-03-25', 'Pix', 4952, '2023-03-18');
INSERT INTO `pagtos_nota` (`id_nota_fiscal`, `id_servico_pgto_nota`, `id_cliente_pgto_nota`, `data_nota`, `pagamento_tipo`, `valor_total_pgto_nota`, `data_pgto_nota`) VALUES (104, 75, 8, '2023-03-27', 'Crédito', 5140, '2023-03-20');
INSERT INTO `pagtos_nota` (`id_nota_fiscal`, `id_servico_pgto_nota`, `id_cliente_pgto_nota`, `data_nota`, `pagamento_tipo`, `valor_total_pgto_nota`, `data_pgto_nota`) VALUES (105, 76, 10, '2023-03-29', 'Dinheiro', 7267, '2023-03-22');
INSERT INTO `pagtos_nota` (`id_nota_fiscal`, `id_servico_pgto_nota`, `id_cliente_pgto_nota`, `data_nota`, `pagamento_tipo`, `valor_total_pgto_nota`, `data_pgto_nota`) VALUES (106, 77, 12, '2023-03-31', 'Crédito', 6201, '2023-03-24');
INSERT INTO `pagtos_nota` (`id_nota_fiscal`, `id_servico_pgto_nota`, `id_cliente_pgto_nota`, `data_nota`, `pagamento_tipo`, `valor_total_pgto_nota`, `data_pgto_nota`) VALUES (107, 57, 1, '2023-03-09', 'Crédito', 4225, '2023-03-02');
INSERT INTO `pagtos_nota` (`id_nota_fiscal`, `id_servico_pgto_nota`, `id_cliente_pgto_nota`, `data_nota`, `pagamento_tipo`, `valor_total_pgto_nota`, `data_pgto_nota`) VALUES (108, 58, 3, '2023-03-11', 'Pix', 5517, '2023-03-04');
INSERT INTO `pagtos_nota` (`id_nota_fiscal`, `id_servico_pgto_nota`, `id_cliente_pgto_nota`, `data_nota`, `pagamento_tipo`, `valor_total_pgto_nota`, `data_pgto_nota`) VALUES (109, 59, 5, '2023-03-13', 'Dinheiro', 6906, '2023-03-06');
INSERT INTO `pagtos_nota` (`id_nota_fiscal`, `id_servico_pgto_nota`, `id_cliente_pgto_nota`, `data_nota`, `pagamento_tipo`, `valor_total_pgto_nota`, `data_pgto_nota`) VALUES (110, 60, 7, '2023-03-15', 'Débito', 8508, '2023-03-08');
INSERT INTO `pagtos_nota` (`id_nota_fiscal`, `id_servico_pgto_nota`, `id_cliente_pgto_nota`, `data_nota`, `pagamento_tipo`, `valor_total_pgto_nota`, `data_pgto_nota`) VALUES (111, 61, 9, '2023-03-17', 'Dinheiro', 7839, '2023-03-10');
INSERT INTO `pagtos_nota` (`id_nota_fiscal`, `id_servico_pgto_nota`, `id_cliente_pgto_nota`, `data_nota`, `pagamento_tipo`, `valor_total_pgto_nota`, `data_pgto_nota`) VALUES (112, 62, 11, '2023-03-19', 'Pix', 6661, '2023-03-12');
INSERT INTO `pagtos_nota` (`id_nota_fiscal`, `id_servico_pgto_nota`, `id_cliente_pgto_nota`, `data_nota`, `pagamento_tipo`, `valor_total_pgto_nota`, `data_pgto_nota`) VALUES (113, 63, 13, '2023-03-21', 'Dinheiro', 8361, '2023-03-14');
INSERT INTO `pagtos_nota` (`id_nota_fiscal`, `id_servico_pgto_nota`, `id_cliente_pgto_nota`, `data_nota`, `pagamento_tipo`, `valor_total_pgto_nota`, `data_pgto_nota`) VALUES (114, 64, 15, '2023-03-23', 'Débito', 3122, '2023-03-16');
INSERT INTO `pagtos_nota` (`id_nota_fiscal`, `id_servico_pgto_nota`, `id_cliente_pgto_nota`, `data_nota`, `pagamento_tipo`, `valor_total_pgto_nota`, `data_pgto_nota`) VALUES (115, 65, 17, '2023-03-25', 'Dinheiro', 6467, '2023-03-18');
INSERT INTO `pagtos_nota` (`id_nota_fiscal`, `id_servico_pgto_nota`, `id_cliente_pgto_nota`, `data_nota`, `pagamento_tipo`, `valor_total_pgto_nota`, `data_pgto_nota`) VALUES (116, 66, 19, '2023-03-09', 'Pix', 6274, '2023-03-02');
INSERT INTO `pagtos_nota` (`id_nota_fiscal`, `id_servico_pgto_nota`, `id_cliente_pgto_nota`, `data_nota`, `pagamento_tipo`, `valor_total_pgto_nota`, `data_pgto_nota`) VALUES (117, 67, 21, '2023-03-11', 'Dinheiro', 6290, '2023-03-04');
INSERT INTO `pagtos_nota` (`id_nota_fiscal`, `id_servico_pgto_nota`, `id_cliente_pgto_nota`, `data_nota`, `pagamento_tipo`, `valor_total_pgto_nota`, `data_pgto_nota`) VALUES (118, 68, 23, '2023-03-13', 'Débito', 6953, '2023-03-06');
INSERT INTO `pagtos_nota` (`id_nota_fiscal`, `id_servico_pgto_nota`, `id_cliente_pgto_nota`, `data_nota`, `pagamento_tipo`, `valor_total_pgto_nota`, `data_pgto_nota`) VALUES (119, 69, 25, '2023-03-15', 'Dinheiro', 7122, '2023-03-08');
INSERT INTO `pagtos_nota` (`id_nota_fiscal`, `id_servico_pgto_nota`, `id_cliente_pgto_nota`, `data_nota`, `pagamento_tipo`, `valor_total_pgto_nota`, `data_pgto_nota`) VALUES (120, 70, 27, '2023-03-17', 'Dinheiro', 5013, '2023-03-10');
INSERT INTO `pagtos_nota` (`id_nota_fiscal`, `id_servico_pgto_nota`, `id_cliente_pgto_nota`, `data_nota`, `pagamento_tipo`, `valor_total_pgto_nota`, `data_pgto_nota`) VALUES (121, 71, 29, '2023-03-19', 'Crédito', 5349, '2023-03-12');
INSERT INTO `pagtos_nota` (`id_nota_fiscal`, `id_servico_pgto_nota`, `id_cliente_pgto_nota`, `data_nota`, `pagamento_tipo`, `valor_total_pgto_nota`, `data_pgto_nota`) VALUES (122, 72, 2, '2023-03-21', 'Pix', 5060, '2023-03-14');
INSERT INTO `pagtos_nota` (`id_nota_fiscal`, `id_servico_pgto_nota`, `id_cliente_pgto_nota`, `data_nota`, `pagamento_tipo`, `valor_total_pgto_nota`, `data_pgto_nota`) VALUES (123, 73, 4, '2023-03-23', 'Dinheiro', 8098, '2023-03-16');
INSERT INTO `pagtos_nota` (`id_nota_fiscal`, `id_servico_pgto_nota`, `id_cliente_pgto_nota`, `data_nota`, `pagamento_tipo`, `valor_total_pgto_nota`, `data_pgto_nota`) VALUES (124, 74, 6, '2023-03-25', 'Dinheiro', 4952, '2023-03-18');
INSERT INTO `pagtos_nota` (`id_nota_fiscal`, `id_servico_pgto_nota`, `id_cliente_pgto_nota`, `data_nota`, `pagamento_tipo`, `valor_total_pgto_nota`, `data_pgto_nota`) VALUES (125, 75, 8, '2023-03-27', 'Pix', 5140, '2023-03-20');
INSERT INTO `pagtos_nota` (`id_nota_fiscal`, `id_servico_pgto_nota`, `id_cliente_pgto_nota`, `data_nota`, `pagamento_tipo`, `valor_total_pgto_nota`, `data_pgto_nota`) VALUES (126, 76, 10, '2023-03-29', 'Crédito', 7267, '2023-03-22');
INSERT INTO `pagtos_nota` (`id_nota_fiscal`, `id_servico_pgto_nota`, `id_cliente_pgto_nota`, `data_nota`, `pagamento_tipo`, `valor_total_pgto_nota`, `data_pgto_nota`) VALUES (127, 77, 12, '2023-03-31', 'Dinheiro', 6201, '2023-03-24');
INSERT INTO `pagtos_nota` (`id_nota_fiscal`, `id_servico_pgto_nota`, `id_cliente_pgto_nota`, `data_nota`, `pagamento_tipo`, `valor_total_pgto_nota`, `data_pgto_nota`) VALUES (128, 78, 1, '2022-06-11', 'Crédito', 4225, '2022-06-04');
INSERT INTO `pagtos_nota` (`id_nota_fiscal`, `id_servico_pgto_nota`, `id_cliente_pgto_nota`, `data_nota`, `pagamento_tipo`, `valor_total_pgto_nota`, `data_pgto_nota`) VALUES (129, 79, 3, '2022-06-17', 'Crédito', 5517, '2022-06-10');
INSERT INTO `pagtos_nota` (`id_nota_fiscal`, `id_servico_pgto_nota`, `id_cliente_pgto_nota`, `data_nota`, `pagamento_tipo`, `valor_total_pgto_nota`, `data_pgto_nota`) VALUES (130, 80, 5, '2022-06-23', 'Pix', 6906, '2022-06-16');
INSERT INTO `pagtos_nota` (`id_nota_fiscal`, `id_servico_pgto_nota`, `id_cliente_pgto_nota`, `data_nota`, `pagamento_tipo`, `valor_total_pgto_nota`, `data_pgto_nota`) VALUES (131, 81, 7, '2022-06-29', 'Dinheiro', 8508, '2022-06-22');
INSERT INTO `pagtos_nota` (`id_nota_fiscal`, `id_servico_pgto_nota`, `id_cliente_pgto_nota`, `data_nota`, `pagamento_tipo`, `valor_total_pgto_nota`, `data_pgto_nota`) VALUES (132, 82, 9, '2022-07-05', 'Débito', 7839, '2022-06-28');
INSERT INTO `pagtos_nota` (`id_nota_fiscal`, `id_servico_pgto_nota`, `id_cliente_pgto_nota`, `data_nota`, `pagamento_tipo`, `valor_total_pgto_nota`, `data_pgto_nota`) VALUES (133, 83, 11, '2022-07-11', 'Dinheiro', 6661, '2022-07-04');
INSERT INTO `pagtos_nota` (`id_nota_fiscal`, `id_servico_pgto_nota`, `id_cliente_pgto_nota`, `data_nota`, `pagamento_tipo`, `valor_total_pgto_nota`, `data_pgto_nota`) VALUES (134, 84, 13, '2022-07-17', 'Pix', 8361, '2022-07-10');
INSERT INTO `pagtos_nota` (`id_nota_fiscal`, `id_servico_pgto_nota`, `id_cliente_pgto_nota`, `data_nota`, `pagamento_tipo`, `valor_total_pgto_nota`, `data_pgto_nota`) VALUES (135, 85, 15, '2022-07-23', 'Dinheiro', 3122, '2022-07-16');
INSERT INTO `pagtos_nota` (`id_nota_fiscal`, `id_servico_pgto_nota`, `id_cliente_pgto_nota`, `data_nota`, `pagamento_tipo`, `valor_total_pgto_nota`, `data_pgto_nota`) VALUES (136, 86, 17, '2022-07-29', 'Débito', 6467, '2022-07-22');
INSERT INTO `pagtos_nota` (`id_nota_fiscal`, `id_servico_pgto_nota`, `id_cliente_pgto_nota`, `data_nota`, `pagamento_tipo`, `valor_total_pgto_nota`, `data_pgto_nota`) VALUES (137, 87, 19, '2022-08-04', 'Dinheiro', 6274, '2022-07-28');
INSERT INTO `pagtos_nota` (`id_nota_fiscal`, `id_servico_pgto_nota`, `id_cliente_pgto_nota`, `data_nota`, `pagamento_tipo`, `valor_total_pgto_nota`, `data_pgto_nota`) VALUES (138, 88, 21, '2022-08-10', 'Pix', 6290, '2022-08-03');
INSERT INTO `pagtos_nota` (`id_nota_fiscal`, `id_servico_pgto_nota`, `id_cliente_pgto_nota`, `data_nota`, `pagamento_tipo`, `valor_total_pgto_nota`, `data_pgto_nota`) VALUES (139, 89, 23, '2022-08-16', 'Débito', 6953, '2022-08-09');
INSERT INTO `pagtos_nota` (`id_nota_fiscal`, `id_servico_pgto_nota`, `id_cliente_pgto_nota`, `data_nota`, `pagamento_tipo`, `valor_total_pgto_nota`, `data_pgto_nota`) VALUES (140, 90, 25, '2022-08-22', 'Crédito', 7122, '2022-08-15');
INSERT INTO `pagtos_nota` (`id_nota_fiscal`, `id_servico_pgto_nota`, `id_cliente_pgto_nota`, `data_nota`, `pagamento_tipo`, `valor_total_pgto_nota`, `data_pgto_nota`) VALUES (141, 91, 27, '2022-08-28', 'Pix', 5013, '2022-08-21');
INSERT INTO `pagtos_nota` (`id_nota_fiscal`, `id_servico_pgto_nota`, `id_cliente_pgto_nota`, `data_nota`, `pagamento_tipo`, `valor_total_pgto_nota`, `data_pgto_nota`) VALUES (142, 92, 29, '2022-09-03', 'Dinheiro', 5349, '2022-08-27');
INSERT INTO `pagtos_nota` (`id_nota_fiscal`, `id_servico_pgto_nota`, `id_cliente_pgto_nota`, `data_nota`, `pagamento_tipo`, `valor_total_pgto_nota`, `data_pgto_nota`) VALUES (143, 93, 30, '2022-09-09', 'Dinheiro', 2584, '2022-09-02');
INSERT INTO `pagtos_nota` (`id_nota_fiscal`, `id_servico_pgto_nota`, `id_cliente_pgto_nota`, `data_nota`, `pagamento_tipo`, `valor_total_pgto_nota`, `data_pgto_nota`) VALUES (144, 94, 29, '2022-09-15', 'Pix', 2584, '2022-09-08');
INSERT INTO `pagtos_nota` (`id_nota_fiscal`, `id_servico_pgto_nota`, `id_cliente_pgto_nota`, `data_nota`, `pagamento_tipo`, `valor_total_pgto_nota`, `data_pgto_nota`) VALUES (145, 95, 2, '2022-09-21', 'Crédito', 2584, '2022-09-14');
INSERT INTO `pagtos_nota` (`id_nota_fiscal`, `id_servico_pgto_nota`, `id_cliente_pgto_nota`, `data_nota`, `pagamento_tipo`, `valor_total_pgto_nota`, `data_pgto_nota`) VALUES (146, 96, 7, '2022-09-27', 'Dinheiro', 2584, '2022-09-20');
INSERT INTO `pagtos_nota` (`id_nota_fiscal`, `id_servico_pgto_nota`, `id_cliente_pgto_nota`, `data_nota`, `pagamento_tipo`, `valor_total_pgto_nota`, `data_pgto_nota`) VALUES (147, 97, 9, '2022-10-03', 'Crédito', 2584, '2022-09-26');
INSERT INTO `pagtos_nota` (`id_nota_fiscal`, `id_servico_pgto_nota`, `id_cliente_pgto_nota`, `data_nota`, `pagamento_tipo`, `valor_total_pgto_nota`, `data_pgto_nota`) VALUES (148, 98, 4, '2022-10-09', 'Crédito', 2584, '2022-10-02');
INSERT INTO `pagtos_nota` (`id_nota_fiscal`, `id_servico_pgto_nota`, `id_cliente_pgto_nota`, `data_nota`, `pagamento_tipo`, `valor_total_pgto_nota`, `data_pgto_nota`) VALUES (149, 78, 1, '2022-06-11', 'Pix', 4225, '2022-06-04');
INSERT INTO `pagtos_nota` (`id_nota_fiscal`, `id_servico_pgto_nota`, `id_cliente_pgto_nota`, `data_nota`, `pagamento_tipo`, `valor_total_pgto_nota`, `data_pgto_nota`) VALUES (150, 79, 3, '2022-06-17', 'Dinheiro', 5517, '2022-06-10');
INSERT INTO `pagtos_nota` (`id_nota_fiscal`, `id_servico_pgto_nota`, `id_cliente_pgto_nota`, `data_nota`, `pagamento_tipo`, `valor_total_pgto_nota`, `data_pgto_nota`) VALUES (151, 80, 5, '2022-06-23', 'Débito', 6906, '2022-06-16');
INSERT INTO `pagtos_nota` (`id_nota_fiscal`, `id_servico_pgto_nota`, `id_cliente_pgto_nota`, `data_nota`, `pagamento_tipo`, `valor_total_pgto_nota`, `data_pgto_nota`) VALUES (152, 81, 7, '2022-06-29', 'Dinheiro', 8508, '2022-06-22');
INSERT INTO `pagtos_nota` (`id_nota_fiscal`, `id_servico_pgto_nota`, `id_cliente_pgto_nota`, `data_nota`, `pagamento_tipo`, `valor_total_pgto_nota`, `data_pgto_nota`) VALUES (153, 82, 9, '2022-07-05', 'Pix', 7839, '2022-06-28');
INSERT INTO `pagtos_nota` (`id_nota_fiscal`, `id_servico_pgto_nota`, `id_cliente_pgto_nota`, `data_nota`, `pagamento_tipo`, `valor_total_pgto_nota`, `data_pgto_nota`) VALUES (154, 83, 11, '2022-07-11', 'Dinheiro', 6661, '2022-07-04');
INSERT INTO `pagtos_nota` (`id_nota_fiscal`, `id_servico_pgto_nota`, `id_cliente_pgto_nota`, `data_nota`, `pagamento_tipo`, `valor_total_pgto_nota`, `data_pgto_nota`) VALUES (155, 84, 13, '2022-07-17', 'Débito', 8361, '2022-07-10');
INSERT INTO `pagtos_nota` (`id_nota_fiscal`, `id_servico_pgto_nota`, `id_cliente_pgto_nota`, `data_nota`, `pagamento_tipo`, `valor_total_pgto_nota`, `data_pgto_nota`) VALUES (156, 85, 15, '2022-07-23', 'Crédito', 3122, '2022-07-16');
INSERT INTO `pagtos_nota` (`id_nota_fiscal`, `id_servico_pgto_nota`, `id_cliente_pgto_nota`, `data_nota`, `pagamento_tipo`, `valor_total_pgto_nota`, `data_pgto_nota`) VALUES (157, 86, 17, '2022-07-29', 'Pix', 6467, '2022-07-22');
INSERT INTO `pagtos_nota` (`id_nota_fiscal`, `id_servico_pgto_nota`, `id_cliente_pgto_nota`, `data_nota`, `pagamento_tipo`, `valor_total_pgto_nota`, `data_pgto_nota`) VALUES (158, 87, 19, '2022-08-04', 'Dinheiro', 6274, '2022-07-28');
INSERT INTO `pagtos_nota` (`id_nota_fiscal`, `id_servico_pgto_nota`, `id_cliente_pgto_nota`, `data_nota`, `pagamento_tipo`, `valor_total_pgto_nota`, `data_pgto_nota`) VALUES (159, 88, 21, '2022-08-10', 'Dinheiro', 6290, '2022-08-03');
INSERT INTO `pagtos_nota` (`id_nota_fiscal`, `id_servico_pgto_nota`, `id_cliente_pgto_nota`, `data_nota`, `pagamento_tipo`, `valor_total_pgto_nota`, `data_pgto_nota`) VALUES (160, 89, 23, '2022-08-16', 'Pix', 6953, '2022-08-09');
INSERT INTO `pagtos_nota` (`id_nota_fiscal`, `id_servico_pgto_nota`, `id_cliente_pgto_nota`, `data_nota`, `pagamento_tipo`, `valor_total_pgto_nota`, `data_pgto_nota`) VALUES (161, 90, 25, '2022-08-22', 'Crédito', 7122, '2022-08-15');
INSERT INTO `pagtos_nota` (`id_nota_fiscal`, `id_servico_pgto_nota`, `id_cliente_pgto_nota`, `data_nota`, `pagamento_tipo`, `valor_total_pgto_nota`, `data_pgto_nota`) VALUES (162, 91, 27, '2022-08-28', 'Dinheiro', 5013, '2022-08-21');
INSERT INTO `pagtos_nota` (`id_nota_fiscal`, `id_servico_pgto_nota`, `id_cliente_pgto_nota`, `data_nota`, `pagamento_tipo`, `valor_total_pgto_nota`, `data_pgto_nota`) VALUES (163, 92, 29, '2022-09-03', 'Crédito', 5349, '2022-08-27');
INSERT INTO `pagtos_nota` (`id_nota_fiscal`, `id_servico_pgto_nota`, `id_cliente_pgto_nota`, `data_nota`, `pagamento_tipo`, `valor_total_pgto_nota`, `data_pgto_nota`) VALUES (164, 93, 3, '2022-09-09', 'Crédito', 2584, '2022-09-02');
INSERT INTO `pagtos_nota` (`id_nota_fiscal`, `id_servico_pgto_nota`, `id_cliente_pgto_nota`, `data_nota`, `pagamento_tipo`, `valor_total_pgto_nota`, `data_pgto_nota`) VALUES (165, 94, 3, '2022-09-15', 'Pix', 2584, '2022-09-08');
INSERT INTO `pagtos_nota` (`id_nota_fiscal`, `id_servico_pgto_nota`, `id_cliente_pgto_nota`, `data_nota`, `pagamento_tipo`, `valor_total_pgto_nota`, `data_pgto_nota`) VALUES (166, 95, 5, '2022-09-21', 'Dinheiro', 2584, '2022-09-14');
INSERT INTO `pagtos_nota` (`id_nota_fiscal`, `id_servico_pgto_nota`, `id_cliente_pgto_nota`, `data_nota`, `pagamento_tipo`, `valor_total_pgto_nota`, `data_pgto_nota`) VALUES (167, 96, 7, '2022-09-27', 'Débito', 2584, '2022-09-20');
INSERT INTO `pagtos_nota` (`id_nota_fiscal`, `id_servico_pgto_nota`, `id_cliente_pgto_nota`, `data_nota`, `pagamento_tipo`, `valor_total_pgto_nota`, `data_pgto_nota`) VALUES (168, 97, 9, '2022-10-03', 'Dinheiro', 2584, '2022-09-26');
INSERT INTO `pagtos_nota` (`id_nota_fiscal`, `id_servico_pgto_nota`, `id_cliente_pgto_nota`, `data_nota`, `pagamento_tipo`, `valor_total_pgto_nota`, `data_pgto_nota`) VALUES (169, 98, 4, '2022-10-09', 'Pix', 2584, '2022-10-02');
INSERT INTO `pagtos_nota` (`id_nota_fiscal`, `id_servico_pgto_nota`, `id_cliente_pgto_nota`, `data_nota`, `pagamento_tipo`, `valor_total_pgto_nota`, `data_pgto_nota`) VALUES (170, 99, 1, '2022-10-10', 'Pix', 4225, '2022-10-03');
INSERT INTO `pagtos_nota` (`id_nota_fiscal`, `id_servico_pgto_nota`, `id_cliente_pgto_nota`, `data_nota`, `pagamento_tipo`, `valor_total_pgto_nota`, `data_pgto_nota`) VALUES (171, 100, 2, '2022-10-11', 'Débito', 5060, '2022-10-04');
INSERT INTO `pagtos_nota` (`id_nota_fiscal`, `id_servico_pgto_nota`, `id_cliente_pgto_nota`, `data_nota`, `pagamento_tipo`, `valor_total_pgto_nota`, `data_pgto_nota`) VALUES (172, 101, 3, '2022-10-12', 'Crédito', 5517, '2022-10-05');
INSERT INTO `pagtos_nota` (`id_nota_fiscal`, `id_servico_pgto_nota`, `id_cliente_pgto_nota`, `data_nota`, `pagamento_tipo`, `valor_total_pgto_nota`, `data_pgto_nota`) VALUES (173, 102, 4, '2022-10-13', 'Pix', 8098, '2022-10-06');
INSERT INTO `pagtos_nota` (`id_nota_fiscal`, `id_servico_pgto_nota`, `id_cliente_pgto_nota`, `data_nota`, `pagamento_tipo`, `valor_total_pgto_nota`, `data_pgto_nota`) VALUES (174, 103, 5, '2022-10-14', 'Dinheiro', 6906, '2022-10-07');
INSERT INTO `pagtos_nota` (`id_nota_fiscal`, `id_servico_pgto_nota`, `id_cliente_pgto_nota`, `data_nota`, `pagamento_tipo`, `valor_total_pgto_nota`, `data_pgto_nota`) VALUES (175, 104, 6, '2022-10-15', 'Dinheiro', 4952, '2022-10-08');
INSERT INTO `pagtos_nota` (`id_nota_fiscal`, `id_servico_pgto_nota`, `id_cliente_pgto_nota`, `data_nota`, `pagamento_tipo`, `valor_total_pgto_nota`, `data_pgto_nota`) VALUES (176, 105, 7, '2022-10-16', 'Dinheiro', 8508, '2022-10-09');
INSERT INTO `pagtos_nota` (`id_nota_fiscal`, `id_servico_pgto_nota`, `id_cliente_pgto_nota`, `data_nota`, `pagamento_tipo`, `valor_total_pgto_nota`, `data_pgto_nota`) VALUES (177, 106, 8, '2022-10-17', 'Dinheiro', 5140, '2022-10-10');
INSERT INTO `pagtos_nota` (`id_nota_fiscal`, `id_servico_pgto_nota`, `id_cliente_pgto_nota`, `data_nota`, `pagamento_tipo`, `valor_total_pgto_nota`, `data_pgto_nota`) VALUES (178, 107, 9, '2022-10-18', 'Dinheiro', 7839, '2022-10-11');
INSERT INTO `pagtos_nota` (`id_nota_fiscal`, `id_servico_pgto_nota`, `id_cliente_pgto_nota`, `data_nota`, `pagamento_tipo`, `valor_total_pgto_nota`, `data_pgto_nota`) VALUES (179, 108, 10, '2022-10-19', 'Dinheiro', 7267, '2022-10-12');
INSERT INTO `pagtos_nota` (`id_nota_fiscal`, `id_servico_pgto_nota`, `id_cliente_pgto_nota`, `data_nota`, `pagamento_tipo`, `valor_total_pgto_nota`, `data_pgto_nota`) VALUES (180, 109, 11, '2022-10-20', 'Dinheiro', 6661, '2022-10-13');
INSERT INTO `pagtos_nota` (`id_nota_fiscal`, `id_servico_pgto_nota`, `id_cliente_pgto_nota`, `data_nota`, `pagamento_tipo`, `valor_total_pgto_nota`, `data_pgto_nota`) VALUES (181, 110, 12, '2022-10-21', 'Dinheiro', 6201, '2022-10-14');
INSERT INTO `pagtos_nota` (`id_nota_fiscal`, `id_servico_pgto_nota`, `id_cliente_pgto_nota`, `data_nota`, `pagamento_tipo`, `valor_total_pgto_nota`, `data_pgto_nota`) VALUES (182, 111, 13, '2022-10-22', 'Pix', 8361, '2022-10-15');
INSERT INTO `pagtos_nota` (`id_nota_fiscal`, `id_servico_pgto_nota`, `id_cliente_pgto_nota`, `data_nota`, `pagamento_tipo`, `valor_total_pgto_nota`, `data_pgto_nota`) VALUES (183, 112, 14, '2022-10-23', 'Pix', 2451, '2022-10-16');
INSERT INTO `pagtos_nota` (`id_nota_fiscal`, `id_servico_pgto_nota`, `id_cliente_pgto_nota`, `data_nota`, `pagamento_tipo`, `valor_total_pgto_nota`, `data_pgto_nota`) VALUES (184, 113, 15, '2022-10-24', 'Dinheiro', 3122, '2022-10-17');
INSERT INTO `pagtos_nota` (`id_nota_fiscal`, `id_servico_pgto_nota`, `id_cliente_pgto_nota`, `data_nota`, `pagamento_tipo`, `valor_total_pgto_nota`, `data_pgto_nota`) VALUES (185, 114, 16, '2022-10-25', 'Dinheiro', 1856, '2022-10-18');
INSERT INTO `pagtos_nota` (`id_nota_fiscal`, `id_servico_pgto_nota`, `id_cliente_pgto_nota`, `data_nota`, `pagamento_tipo`, `valor_total_pgto_nota`, `data_pgto_nota`) VALUES (186, 115, 17, '2022-10-26', 'Pix', 6467, '2022-10-19');
INSERT INTO `pagtos_nota` (`id_nota_fiscal`, `id_servico_pgto_nota`, `id_cliente_pgto_nota`, `data_nota`, `pagamento_tipo`, `valor_total_pgto_nota`, `data_pgto_nota`) VALUES (187, 116, 18, '2022-10-27', 'Crédito', 4334, '2022-10-20');
INSERT INTO `pagtos_nota` (`id_nota_fiscal`, `id_servico_pgto_nota`, `id_cliente_pgto_nota`, `data_nota`, `pagamento_tipo`, `valor_total_pgto_nota`, `data_pgto_nota`) VALUES (188, 117, 19, '2022-10-28', 'Dinheiro', 6274, '2022-10-21');
INSERT INTO `pagtos_nota` (`id_nota_fiscal`, `id_servico_pgto_nota`, `id_cliente_pgto_nota`, `data_nota`, `pagamento_tipo`, `valor_total_pgto_nota`, `data_pgto_nota`) VALUES (189, 118, 20, '2022-10-29', 'Crédito', 2609, '2022-10-22');
INSERT INTO `pagtos_nota` (`id_nota_fiscal`, `id_servico_pgto_nota`, `id_cliente_pgto_nota`, `data_nota`, `pagamento_tipo`, `valor_total_pgto_nota`, `data_pgto_nota`) VALUES (190, 119, 21, '2022-10-30', 'Crédito', 6290, '2022-10-23');
INSERT INTO `pagtos_nota` (`id_nota_fiscal`, `id_servico_pgto_nota`, `id_cliente_pgto_nota`, `data_nota`, `pagamento_tipo`, `valor_total_pgto_nota`, `data_pgto_nota`) VALUES (191, 120, 22, '2022-10-31', 'Pix', 1860, '2022-10-24');
INSERT INTO `pagtos_nota` (`id_nota_fiscal`, `id_servico_pgto_nota`, `id_cliente_pgto_nota`, `data_nota`, `pagamento_tipo`, `valor_total_pgto_nota`, `data_pgto_nota`) VALUES (192, 121, 23, '2022-11-01', 'Dinheiro', 6953, '2022-10-25');
INSERT INTO `pagtos_nota` (`id_nota_fiscal`, `id_servico_pgto_nota`, `id_cliente_pgto_nota`, `data_nota`, `pagamento_tipo`, `valor_total_pgto_nota`, `data_pgto_nota`) VALUES (193, 122, 24, '2022-11-02', 'Débito', 1731, '2022-10-26');
INSERT INTO `pagtos_nota` (`id_nota_fiscal`, `id_servico_pgto_nota`, `id_cliente_pgto_nota`, `data_nota`, `pagamento_tipo`, `valor_total_pgto_nota`, `data_pgto_nota`) VALUES (194, 123, 25, '2022-11-03', 'Dinheiro', 7122, '2022-10-27');
INSERT INTO `pagtos_nota` (`id_nota_fiscal`, `id_servico_pgto_nota`, `id_cliente_pgto_nota`, `data_nota`, `pagamento_tipo`, `valor_total_pgto_nota`, `data_pgto_nota`) VALUES (195, 124, 26, '2022-11-04', 'Pix', 2285, '2022-10-28');
INSERT INTO `pagtos_nota` (`id_nota_fiscal`, `id_servico_pgto_nota`, `id_cliente_pgto_nota`, `data_nota`, `pagamento_tipo`, `valor_total_pgto_nota`, `data_pgto_nota`) VALUES (196, 125, 27, '2022-11-05', 'Pix', 5013, '2022-10-29');
INSERT INTO `pagtos_nota` (`id_nota_fiscal`, `id_servico_pgto_nota`, `id_cliente_pgto_nota`, `data_nota`, `pagamento_tipo`, `valor_total_pgto_nota`, `data_pgto_nota`) VALUES (197, 126, 28, '2022-11-06', 'Débito', 3424, '2022-10-30');
INSERT INTO `pagtos_nota` (`id_nota_fiscal`, `id_servico_pgto_nota`, `id_cliente_pgto_nota`, `data_nota`, `pagamento_tipo`, `valor_total_pgto_nota`, `data_pgto_nota`) VALUES (198, 127, 29, '2022-11-07', 'Crédito', 5349, '2022-10-31');
INSERT INTO `pagtos_nota` (`id_nota_fiscal`, `id_servico_pgto_nota`, `id_cliente_pgto_nota`, `data_nota`, `pagamento_tipo`, `valor_total_pgto_nota`, `data_pgto_nota`) VALUES (199, 128, 30, '2022-11-08', 'Pix', 2584, '2022-11-01');
INSERT INTO `pagtos_nota` (`id_nota_fiscal`, `id_servico_pgto_nota`, `id_cliente_pgto_nota`, `data_nota`, `pagamento_tipo`, `valor_total_pgto_nota`, `data_pgto_nota`) VALUES (200, 129, 18, '2022-11-09', 'Dinheiro', 4334, '2022-11-02');
